net_number,Species,obs_yr,num_birds,perc_species
1,CACH,2007,1,25
1,EAPH,2011,1,50
1,PAWA,2018,1,100
1,SAVS,2021,1,100
1,SOSP,2007,2,50
1,SOSP,2011,1,50
1,SWSP,2007,1,25
1,SWSP,2013,2,100
2,COYE,2007,1,100
2,HOWR,2019,1,100
2,INBU,2010,1,100
3,AMGO,2008,1,1.5873015873015872
3,CARW,2008,1,1.5873015873015872
3,COYE,2009,2,18.181818181818183
3,EAPH,2008,2,3.1746031746031744
3,EAPH,2009,3,27.27272727272727
3,EAPH,2010,2,12.5
3,EWCS,2008,1,1.5873015873015872
3,FISP,2008,4,6.349206349206349
3,FISP,2013,1,100
3,HOWR,2008,1,1.5873015873015872
3,INBU,2009,1,9.090909090909092
3,OROR,2009,1,9.090909090909092
3,PAWA,2010,2,12.5
3,RWBL,2007,5,33.33333333333333
3,SAVS,2008,4,6.349206349206349
3,SAVS,2009,1,9.090909090909092
3,SAVS,2010,1,6.25
3,SOSP,2007,6,40
3,SOSP,2008,33,52.38095238095239
3,SOSP,2009,1,9.090909090909092
3,SOSP,2010,6,37.5
3,SWSP,2007,4,26.666666666666668
3,SWSP,2008,16,25.396825396825395
3,SWSP,2009,2,18.181818181818183
3,SWSP,2010,5,31.25
4,ACFL,2013,1,1.9607843137254901
4,ACFL,2014,1,1.098901098901099
4,AMGO,2010,8,9.411764705882353
4,AMGO,2014,1,1.098901098901099
4,AMGO,2015,1,1
4,AMGO,2016,9,7.258064516129033
4,AMGO,2018,3,2.2388059701492535
4,AMGO,2020,2,1.9417475728155338
4,AMGO,2021,1,1.1494252873563218
4,AMRO,2016,1,0.8064516129032258
4,AMRO,2017,1,0.9900990099009901
4,AMRO,2018,1,0.7462686567164178
4,BGGN,2009,3,4.615384615384616
4,BGGN,2011,1,1.6129032258064515
4,BGGN,2012,2,2.2222222222222223
4,BGGN,2014,1,1.098901098901099
4,BGGN,2015,1,1
4,BGGN,2016,4,3.225806451612903
4,BGGN,2017,1,0.9900990099009901
4,BGGN,2020,2,1.9417475728155338
4,BGGN,2021,2,2.2988505747126435
4,BHCO,2020,1,0.9708737864077669
4,BLGR,2009,3,4.615384615384616
4,BLGR,2010,1,1.1764705882352942
4,BLGR,2011,1,1.6129032258064515
4,BLGR,2012,6,6.666666666666667
4,BLGR,2013,2,3.9215686274509802
4,BLGR,2015,4,4
4,BLGR,2016,1,0.8064516129032258
4,BLGR,2017,2,1.9801980198019802
4,BLGR,2018,4,2.9850746268656714
4,BLGR,2019,1,1.2345679012345678
4,BLGR,2020,4,3.8834951456310676
4,BRTH,2014,1,1.098901098901099
4,BRTH,2015,1,1
4,BRTH,2019,1,1.2345679012345678
4,BRTH,2020,2,1.9417475728155338
4,CACH,2010,2,2.3529411764705883
4,CACH,2012,3,3.3333333333333335
4,CACH,2013,1,1.9607843137254901
4,CACH,2014,1,1.098901098901099
4,CACH,2015,2,2
4,CACH,2016,3,2.4193548387096775
4,CACH,2017,2,1.9801980198019802
4,CACH,2020,1,0.9708737864077669
4,CARW,2007,1,12.5
4,CARW,2008,1,2.941176470588235
4,CARW,2009,4,6.153846153846154
4,CARW,2010,1,1.1764705882352942
4,CARW,2011,2,3.225806451612903
4,CARW,2012,2,2.2222222222222223
4,CARW,2013,2,3.9215686274509802
4,CARW,2014,7,7.6923076923076925
4,CARW,2015,10,10
4,CARW,2016,4,3.225806451612903
4,CARW,2017,3,2.9702970297029703
4,CARW,2018,2,1.4925373134328357
4,CARW,2019,3,3.7037037037037033
4,CARW,2020,4,3.8834951456310676
4,CARW,2021,3,3.4482758620689653
4,CEDW,2010,2,2.3529411764705883
4,CEDW,2015,1,1
4,CEDW,2018,3,2.2388059701492535
4,CHSP,2015,1,1
4,CHSP,2016,1,0.8064516129032258
4,CHSP,2017,1,0.9900990099009901
4,CHSP,2018,1,0.7462686567164178
4,CHSP,2021,9,10.344827586206897
4,COGR,2010,1,1.1764705882352942
4,COGR,2017,2,1.9801980198019802
4,COYE,2007,1,12.5
4,COYE,2008,4,11.76470588235294
4,COYE,2009,4,6.153846153846154
4,COYE,2010,10,11.76470588235294
4,COYE,2011,9,14.516129032258066
4,COYE,2012,9,10
4,COYE,2013,7,13.725490196078432
4,COYE,2014,18,19.78021978021978
4,COYE,2015,9,9
4,COYE,2016,2,1.6129032258064515
4,COYE,2017,8,7.920792079207921
4,COYE,2018,14,10.44776119402985
4,COYE,2019,9,11.11111111111111
4,COYE,2020,5,4.854368932038835
4,COYE,2021,5,5.747126436781609
4,DOWO,2010,2,2.3529411764705883
4,DOWO,2012,2,2.2222222222222223
4,DOWO,2013,2,3.9215686274509802
4,DOWO,2014,2,2.197802197802198
4,DOWO,2016,3,2.4193548387096775
4,DOWO,2018,1,0.7462686567164178
4,DOWO,2019,1,1.2345679012345678
4,DOWO,2021,1,1.1494252873563218
4,EABL,2007,2,25
4,EABL,2009,1,1.5384615384615385
4,EABL,2010,7,8.235294117647058
4,EABL,2013,1,1.9607843137254901
4,EABL,2014,4,4.395604395604396
4,EABL,2015,4,4
4,EABL,2016,6,4.838709677419355
4,EABL,2017,7,6.9306930693069315
4,EABL,2018,7,5.223880597014925
4,EABL,2019,1,1.2345679012345678
4,EABL,2020,3,2.912621359223301
4,EABL,2021,1,1.1494252873563218
4,EAKI,2018,1,0.7462686567164178
4,EAKI,2020,1,0.9708737864077669
4,EAPH,2008,3,8.823529411764707
4,EAPH,2009,18,27.692307692307693
4,EAPH,2010,5,5.88235294117647
4,EAPH,2011,5,8.064516129032258
4,EAPH,2012,7,7.777777777777778
4,EAPH,2013,6,11.76470588235294
4,EAPH,2014,5,5.4945054945054945
4,EAPH,2015,3,3
4,EAPH,2016,20,16.129032258064516
4,EAPH,2017,6,5.9405940594059405
4,EAPH,2018,19,14.17910447761194
4,EAPH,2019,17,20.98765432098765
4,EAPH,2020,21,20.388349514563107
4,EAPH,2021,9,10.344827586206897
4,EATO,2012,1,1.1111111111111112
4,EATO,2015,2,2
4,EATO,2016,2,1.6129032258064515
4,EATO,2017,2,1.9801980198019802
4,EATO,2020,1,0.9708737864077669
4,EWCS,2012,1,1.1111111111111112
4,EWCS,2013,1,1.9607843137254901
4,EWCS,2014,2,2.197802197802198
4,EWCS,2015,1,1
4,FISP,2007,1,12.5
4,FISP,2008,7,20.588235294117645
4,FISP,2009,7,10.76923076923077
4,FISP,2010,5,5.88235294117647
4,FISP,2011,8,12.903225806451612
4,FISP,2012,6,6.666666666666667
4,FISP,2013,4,7.8431372549019605
4,FISP,2014,2,2.197802197802198
4,FISP,2015,9,9
4,FISP,2016,18,14.516129032258066
4,FISP,2017,20,19.801980198019802
4,FISP,2018,10,7.462686567164178
4,FISP,2019,2,2.4691358024691357
4,FISP,2020,12,11.650485436893204
4,FISP,2021,10,11.494252873563218
4,GCFL,2011,1,1.6129032258064515
4,GRCA,2011,1,1.6129032258064515
4,GRCA,2014,1,1.098901098901099
4,GRCA,2015,1,1
4,HAWO,2018,1,0.7462686567164178
4,HOFI,2016,8,6.451612903225806
4,HOFI,2018,1,0.7462686567164178
4,HOWR,2010,4,4.705882352941177
4,HOWR,2011,1,1.6129032258064515
4,HOWR,2012,2,2.2222222222222223
4,HOWR,2014,5,5.4945054945054945
4,HOWR,2015,2,2
4,HOWR,2016,3,2.4193548387096775
4,HOWR,2017,1,0.9900990099009901
4,HOWR,2019,3,3.7037037037037033
4,HOWR,2020,1,0.9708737864077669
4,INBU,2010,2,2.3529411764705883
4,INBU,2011,3,4.838709677419355
4,INBU,2012,1,1.1111111111111112
4,INBU,2014,9,9.89010989010989
4,INBU,2015,5,5
4,INBU,2016,6,4.838709677419355
4,INBU,2017,9,8.91089108910891
4,INBU,2018,9,6.7164179104477615
4,INBU,2019,3,3.7037037037037033
4,INBU,2020,2,1.9417475728155338
4,INBU,2021,7,8.045977011494253
4,LISP,2011,1,1.6129032258064515
4,LOSH,2019,1,1.2345679012345678
4,MODO,2016,2,1.6129032258064515
4,MYWA,2010,4,4.705882352941177
4,MYWA,2011,1,1.6129032258064515
4,MYWA,2015,4,4
4,MYWA,2016,2,1.6129032258064515
4,MYWA,2018,1,0.7462686567164178
4,MYWA,2021,4,4.597701149425287
4,NOCA,2008,1,2.941176470588235
4,NOCA,2010,3,3.5294117647058822
4,NOCA,2011,3,4.838709677419355
4,NOCA,2012,5,5.555555555555555
4,NOCA,2013,2,3.9215686274509802
4,NOCA,2014,3,3.296703296703297
4,NOCA,2016,2,1.6129032258064515
4,NOCA,2017,6,5.9405940594059405
4,NOCA,2018,3,2.2388059701492535
4,NOCA,2019,10,12.345679012345679
4,NOCA,2021,5,5.747126436781609
4,NOMO,2008,2,5.88235294117647
4,NOMO,2009,1,1.5384615384615385
4,NOMO,2011,2,3.225806451612903
4,NOMO,2012,6,6.666666666666667
4,NOMO,2013,3,5.88235294117647
4,NOMO,2014,3,3.296703296703297
4,NOMO,2015,9,9
4,NOMO,2016,6,4.838709677419355
4,NOMO,2018,3,2.2388059701492535
4,NOMO,2019,4,4.938271604938271
4,NOWA,2010,1,1.1764705882352942
4,NOWA,2013,1,1.9607843137254901
4,NOWA,2015,2,2
4,NOWA,2020,2,1.9417475728155338
4,OROR,2011,1,1.6129032258064515
4,OROR,2016,1,0.8064516129032258
4,PAWA,2009,4,6.153846153846154
4,PAWA,2010,3,3.5294117647058822
4,PAWA,2011,2,3.225806451612903
4,PAWA,2012,10,11.11111111111111
4,PAWA,2013,1,1.9607843137254901
4,PAWA,2014,4,4.395604395604396
4,PAWA,2015,4,4
4,PAWA,2016,2,1.6129032258064515
4,PAWA,2017,3,2.9702970297029703
4,PAWA,2018,11,8.208955223880597
4,PAWA,2020,5,4.854368932038835
4,PAWA,2021,10,11.494252873563218
4,PIWA,2018,1,0.7462686567164178
4,PRAW,2012,2,2.2222222222222223
4,RBWO,2009,1,1.5384615384615385
4,RBWO,2014,1,1.098901098901099
4,RBWO,2015,4,4
4,RBWO,2016,1,0.8064516129032258
4,RBWO,2017,2,1.9801980198019802
4,RBWO,2019,2,2.4691358024691357
4,RBWO,2020,1,0.9708737864077669
4,RBWO,2021,2,2.2988505747126435
4,RCKI,2007,2,25
4,RCKI,2014,2,2.197802197802198
4,RCKI,2015,1,1
4,RCKI,2017,1,0.9900990099009901
4,RWBL,2011,1,1.6129032258064515
4,RWBL,2018,4,2.9850746268656714
4,SAVS,2008,1,2.941176470588235
4,SAVS,2010,3,3.5294117647058822
4,SAVS,2015,1,1
4,SAVS,2017,2,1.9801980198019802
4,SAVS,2018,2,1.4925373134328357
4,SAVS,2019,1,1.2345679012345678
4,SAVS,2021,3,3.4482758620689653
4,SORA,2020,1,0.9708737864077669
4,SOSP,2007,1,12.5
4,SOSP,2008,9,26.47058823529412
4,SOSP,2009,7,10.76923076923077
4,SOSP,2010,4,4.705882352941177
4,SOSP,2011,3,4.838709677419355
4,SOSP,2012,4,4.444444444444445
4,SOSP,2013,7,13.725490196078432
4,SOSP,2014,3,3.296703296703297
4,SOSP,2015,5,5
4,SOSP,2016,5,4.032258064516129
4,SOSP,2017,11,10.891089108910892
4,SOSP,2018,21,15.671641791044777
4,SOSP,2019,13,16.049382716049383
4,SOSP,2020,15,14.563106796116504
4,SOSP,2021,9,10.344827586206897
4,SUTA,2019,1,1.2345679012345678
4,SWSP,2008,5,14.705882352941178
4,SWSP,2009,10,15.384615384615385
4,SWSP,2010,14,16.470588235294116
4,SWSP,2011,11,17.741935483870968
4,SWSP,2012,9,10
4,SWSP,2013,7,13.725490196078432
4,SWSP,2014,5,5.4945054945054945
4,SWSP,2015,9,9
4,SWSP,2016,7,5.64516129032258
4,SWSP,2017,11,10.891089108910892
4,SWSP,2018,11,8.208955223880597
4,SWSP,2019,6,7.4074074074074066
4,SWSP,2020,15,14.563106796116504
4,SWSP,2021,5,5.747126436781609
4,TRFL/WIFL,2009,1,1.5384615384615385
4,TRFL/WIFL,2011,1,1.6129032258064515
4,TRFL/WIFL,2013,1,1.9607843137254901
4,TRFL/WIFL,2014,1,1.098901098901099
4,TRFL/WIFL,2015,1,1
4,TRFL/WIFL,2019,1,1.2345679012345678
4,TRFL/WIFL,2020,1,0.9708737864077669
4,TUTI,2010,1,1.1764705882352942
4,TUTI,2011,2,3.225806451612903
4,TUTI,2012,3,3.3333333333333335
4,TUTI,2013,1,1.9607843137254901
4,TUTI,2014,3,3.296703296703297
4,TUTI,2015,1,1
4,TUTI,2016,2,1.6129032258064515
4,VESP,2021,1,1.1494252873563218
4,WOTH,2019,1,1.2345679012345678
4,WTSP,2008,1,2.941176470588235
4,WTSP,2012,3,3.3333333333333335
4,WTSP,2014,2,2.197802197802198
4,WTSP,2015,1,1
4,YBCH,2011,2,3.225806451612903
4,YBCH,2012,6,6.666666666666667
4,YBCH,2013,1,1.9607843137254901
4,YBCH,2014,4,4.395604395604396
4,YBCH,2015,1,1
4,YBCH,2016,2,1.6129032258064515
4,YBCH,2020,1,0.9708737864077669
4,YBSA,2010,1,1.1764705882352942
4,YBSA,2016,1,0.8064516129032258
4,YEWA,2009,1,1.5384615384615385
4,YEWA,2010,1,1.1764705882352942
5,BLGR,2017,1,100
5,CHSP,2014,1,50
5,FISP,2013,1,100
5,PAWA,2014,1,50
5,SOSP,2019,1,100
5,SWSP,2009,1,100
5,SWSP,2016,1,100
6,AMGO,2010,1,2.380952380952381
6,AMGO,2013,5,4.62962962962963
6,AMGO,2014,1,1.1904761904761905
6,AMGO,2015,2,1.4814814814814816
6,AMGO,2016,4,2.2222222222222223
6,AMGO,2018,3,4.6875
6,AMGO,2019,4,6.0606060606060606
6,AMGO,2020,2,3.0303030303030303
6,AMGO,2021,1,1.1111111111111112
6,BGGN,2009,1,2.2222222222222223
6,BGGN,2014,2,2.380952380952381
6,BGGN,2019,1,1.5151515151515151
6,BHCO,2016,1,0.5555555555555556
6,BLGR,2009,3,6.666666666666667
6,BLGR,2010,1,2.380952380952381
6,BLGR,2012,2,2.2988505747126435
6,BLGR,2013,1,0.9259259259259258
6,BLGR,2014,1,1.1904761904761905
6,BLGR,2016,1,0.5555555555555556
6,BLGR,2017,1,1.282051282051282
6,BLGR,2018,2,3.125
6,BLGR,2020,2,3.0303030303030303
6,BRTH,2011,1,0.9174311926605505
6,BRTH,2013,1,0.9259259259259258
6,CACH,2012,2,2.2988505747126435
6,CACH,2014,1,1.1904761904761905
6,CACH,2016,1,0.5555555555555556
6,CACH,2021,1,1.1111111111111112
6,CARW,2009,1,2.2222222222222223
6,CARW,2010,2,4.761904761904762
6,CARW,2011,3,2.7522935779816518
6,CARW,2013,3,2.7777777777777777
6,CARW,2014,5,5.952380952380952
6,CARW,2015,6,4.444444444444445
6,CARW,2016,5,2.7777777777777777
6,CARW,2018,1,1.5625
6,CARW,2021,2,2.2222222222222223
6,CHSP,2012,2,2.2988505747126435
6,CHSP,2013,1,0.9259259259259258
6,CHSP,2015,1,0.7407407407407408
6,CHSP,2019,2,3.0303030303030303
6,CHSP,2021,3,3.3333333333333335
6,COYE,2009,6,13.333333333333334
6,COYE,2010,5,11.904761904761903
6,COYE,2011,14,12.844036697247708
6,COYE,2012,8,9.195402298850574
6,COYE,2013,4,3.7037037037037033
6,COYE,2014,14,16.666666666666664
6,COYE,2015,4,2.9629629629629632
6,COYE,2016,6,3.3333333333333335
6,COYE,2017,4,5.128205128205128
6,COYE,2018,1,1.5625
6,COYE,2019,5,7.575757575757576
6,COYE,2020,6,9.090909090909092
6,COYE,2021,16,17.77777777777778
6,EABL,2009,3,6.666666666666667
6,EABL,2010,1,2.380952380952381
6,EABL,2011,1,0.9174311926605505
6,EABL,2012,2,2.2988505747126435
6,EABL,2014,1,1.1904761904761905
6,EABL,2015,1,0.7407407407407408
6,EABL,2016,5,2.7777777777777777
6,EABL,2017,2,2.564102564102564
6,EABL,2018,3,4.6875
6,EABL,2019,3,4.545454545454546
6,EABL,2021,2,2.2222222222222223
6,EAKI,2016,1,0.5555555555555556
6,EAPH,2008,1,4.545454545454546
6,EAPH,2009,6,13.333333333333334
6,EAPH,2011,5,4.587155963302752
6,EAPH,2013,1,0.9259259259259258
6,EAPH,2015,2,1.4814814814814816
6,EAPH,2016,5,2.7777777777777777
6,EAPH,2017,9,11.538461538461538
6,EAPH,2018,3,4.6875
6,EAPH,2019,2,3.0303030303030303
6,EAPH,2020,2,3.0303030303030303
6,EAPH,2021,1,1.1111111111111112
6,EATO,2010,1,2.380952380952381
6,EATO,2013,1,0.9259259259259258
6,EATO,2014,1,1.1904761904761905
6,EATO,2015,1,0.7407407407407408
6,EATO,2021,2,2.2222222222222223
6,EWCS,2013,1,0.9259259259259258
6,EWCS,2014,5,5.952380952380952
6,EWCS,2015,3,2.2222222222222223
6,EWCS,2016,1,0.5555555555555556
6,FISP,2008,2,9.090909090909092
6,FISP,2010,3,7.142857142857142
6,FISP,2011,11,10.091743119266056
6,FISP,2012,12,13.793103448275861
6,FISP,2013,15,13.88888888888889
6,FISP,2014,10,11.904761904761903
6,FISP,2015,15,11.11111111111111
6,FISP,2016,16,8.88888888888889
6,FISP,2017,4,5.128205128205128
6,FISP,2018,2,3.125
6,FISP,2020,2,3.0303030303030303
6,FISP,2021,5,5.555555555555555
6,GRCA,2014,1,1.1904761904761905
6,GRCA,2015,1,0.7407407407407408
6,HOFI,2016,3,1.6666666666666667
6,HOWR,2009,1,2.2222222222222223
6,HOWR,2010,1,2.380952380952381
6,HOWR,2011,1,0.9174311926605505
6,HOWR,2012,2,2.2988505747126435
6,HOWR,2013,1,0.9259259259259258
6,HOWR,2014,2,2.380952380952381
6,HOWR,2015,2,1.4814814814814816
6,HOWR,2016,2,1.1111111111111112
6,HOWR,2017,2,2.564102564102564
6,INBU,2008,1,4.545454545454546
6,INBU,2009,2,4.444444444444445
6,INBU,2010,5,11.904761904761903
6,INBU,2011,7,6.422018348623854
6,INBU,2012,2,2.2988505747126435
6,INBU,2013,7,6.481481481481481
6,INBU,2014,1,1.1904761904761905
6,INBU,2015,9,6.666666666666667
6,INBU,2016,30,16.666666666666664
6,INBU,2017,14,17.94871794871795
6,INBU,2018,2,3.125
6,INBU,2019,6,9.090909090909092
6,INBU,2020,4,6.0606060606060606
6,INBU,2021,3,3.3333333333333335
6,LISP,2013,2,1.8518518518518516
6,MAWR,2016,1,0.5555555555555556
6,MYWA,2015,1,0.7407407407407408
6,MYWA,2016,1,0.5555555555555556
6,MYWA,2017,1,1.282051282051282
6,MYWA,2021,2,2.2222222222222223
6,NOCA,2009,2,4.444444444444445
6,NOCA,2010,2,4.761904761904762
6,NOCA,2011,3,2.7522935779816518
6,NOCA,2013,2,1.8518518518518516
6,NOCA,2016,1,0.5555555555555556
6,NOMO,2010,2,4.761904761904762
6,NOMO,2011,1,0.9174311926605505
6,NOMO,2012,8,9.195402298850574
6,NOMO,2013,1,0.9259259259259258
6,NOMO,2014,1,1.1904761904761905
6,NOMO,2015,10,7.4074074074074066
6,NOMO,2016,4,2.2222222222222223
6,NOMO,2018,2,3.125
6,NOMO,2019,1,1.5151515151515151
6,NOMO,2020,2,3.0303030303030303
6,NOMO,2021,9,10
6,NOWA,2010,1,2.380952380952381
6,NOWA,2013,1,0.9259259259259258
6,OROR,2011,1,0.9174311926605505
6,OROR,2013,1,0.9259259259259258
6,OROR,2015,1,0.7407407407407408
6,OROR,2016,1,0.5555555555555556
6,OROR,2018,1,1.5625
6,OROR,2021,3,3.3333333333333335
6,PAWA,2008,1,4.545454545454546
6,PAWA,2009,4,8.88888888888889
6,PAWA,2010,1,2.380952380952381
6,PAWA,2011,7,6.422018348623854
6,PAWA,2012,5,5.747126436781609
6,PAWA,2013,2,1.8518518518518516
6,PAWA,2014,2,2.380952380952381
6,PAWA,2015,3,2.2222222222222223
6,PAWA,2016,10,5.555555555555555
6,PAWA,2017,2,2.564102564102564
6,PAWA,2018,17,26.5625
6,PAWA,2020,3,4.545454545454546
6,PAWA,2021,7,7.777777777777778
6,PIWA,2017,1,1.282051282051282
6,PRAW,2015,1,0.7407407407407408
6,PRAW,2016,1,0.5555555555555556
6,PUFI,2021,1,1.1111111111111112
6,RCKI,2014,1,1.1904761904761905
6,RCKI,2015,2,1.4814814814814816
6,REVI,2009,1,2.2222222222222223
6,RWBL,2011,3,2.7522935779816518
6,RWBL,2013,1,0.9259259259259258
6,RWBL,2021,1,1.1111111111111112
6,SAVS,2007,1,50
6,SAVS,2008,2,9.090909090909092
6,SAVS,2016,3,1.6666666666666667
6,SAVS,2017,6,7.6923076923076925
6,SAVS,2018,1,1.5625
6,SAVS,2019,14,21.21212121212121
6,SAVS,2020,2,3.0303030303030303
6,SAVS,2021,3,3.3333333333333335
6,SEWR,2008,1,4.545454545454546
6,SOSP,2007,1,50
6,SOSP,2008,6,27.27272727272727
6,SOSP,2009,9,20
6,SOSP,2010,11,26.190476190476193
6,SOSP,2011,31,28.440366972477065
6,SOSP,2012,11,12.643678160919542
6,SOSP,2013,21,19.444444444444446
6,SOSP,2014,15,17.857142857142858
6,SOSP,2015,18,13.333333333333334
6,SOSP,2016,32,17.77777777777778
6,SOSP,2017,15,19.230769230769234
6,SOSP,2018,8,12.5
6,SOSP,2019,11,16.666666666666664
6,SOSP,2020,13,19.696969696969695
6,SOSP,2021,8,8.88888888888889
6,SWSP,2008,6,27.27272727272727
6,SWSP,2009,3,6.666666666666667
6,SWSP,2010,5,11.904761904761903
6,SWSP,2011,14,12.844036697247708
6,SWSP,2012,20,22.988505747126435
6,SWSP,2013,30,27.77777777777778
6,SWSP,2014,17,20.238095238095237
6,SWSP,2015,49,36.2962962962963
6,SWSP,2016,41,22.77777777777778
6,SWSP,2017,17,21.794871794871796
6,SWSP,2018,18,28.125
6,SWSP,2019,16,24.242424242424242
6,SWSP,2020,26,39.39393939393939
6,SWSP,2021,17,18.88888888888889
6,TEWA,2011,1,0.9174311926605505
6,TRES,2011,1,0.9174311926605505
6,TRFL/WIFL,2013,1,0.9259259259259258
6,TRFL/WIFL,2016,1,0.5555555555555556
6,VESP,2019,1,1.5151515151515151
6,VESP,2020,1,1.5151515151515151
6,WTSP,2008,1,4.545454545454546
6,WTSP,2011,1,0.9174311926605505
6,WTSP,2012,3,3.4482758620689653
6,WTSP,2013,1,0.9259259259259258
6,WTSP,2014,2,2.380952380952381
6,WTSP,2015,1,0.7407407407407408
6,WTSP,2016,1,0.5555555555555556
6,YBCH,2009,2,4.444444444444445
6,YBCH,2011,3,2.7522935779816518
6,YBCH,2012,8,9.195402298850574
6,YBCH,2013,4,3.7037037037037033
6,YBCH,2014,1,1.1904761904761905
6,YBCH,2015,2,1.4814814814814816
6,YBCH,2016,2,1.1111111111111112
6,YBCH,2020,1,1.5151515151515151
6,YBCH,2021,3,3.3333333333333335
6,YBSA,2008,1,4.545454545454546
6,YBSA,2009,1,2.2222222222222223
7,ACFL,2012,1,1.2048192771084338
7,AMGO,2010,7,8.333333333333332
7,AMGO,2011,1,1.5625
7,AMGO,2012,8,9.63855421686747
7,AMGO,2013,2,2.857142857142857
7,AMGO,2014,2,2.898550724637681
7,AMGO,2015,4,5.128205128205128
7,AMGO,2016,4,3.669724770642202
7,AMGO,2017,2,5
7,AMGO,2018,4,3.669724770642202
7,AMRO,2014,1,1.4492753623188406
7,BGGN,2011,1,1.5625
7,BGGN,2015,1,1.282051282051282
7,BGGN,2016,1,0.9174311926605505
7,BGGN,2017,2,5
7,BGGN,2020,1,1.1764705882352942
7,BLGR,2011,2,3.125
7,BLGR,2012,1,1.2048192771084338
7,BLGR,2016,1,0.9174311926605505
7,BRTH,2010,1,1.1904761904761905
7,BRTH,2012,1,1.2048192771084338
7,BRTH,2015,1,1.282051282051282
7,CACH,2009,1,2.5
7,CACH,2015,1,1.282051282051282
7,CARW,2008,1,2.5
7,CARW,2010,3,3.571428571428571
7,CARW,2011,3,4.6875
7,CARW,2012,1,1.2048192771084338
7,CARW,2014,1,1.4492753623188406
7,CARW,2015,1,1.282051282051282
7,CARW,2017,1,2.5
7,CARW,2019,1,1.6129032258064515
7,CARW,2020,1,1.1764705882352942
7,CARW,2021,1,1.8181818181818181
7,CEDW,2018,1,0.9174311926605505
7,CHSP,2012,1,1.2048192771084338
7,CHSP,2018,1,0.9174311926605505
7,COYE,2010,4,4.761904761904762
7,COYE,2011,12,18.75
7,COYE,2012,6,7.228915662650602
7,COYE,2013,9,12.857142857142856
7,COYE,2014,7,10.144927536231885
7,COYE,2015,7,8.974358974358974
7,COYE,2016,4,3.669724770642202
7,COYE,2017,1,2.5
7,COYE,2018,8,7.339449541284404
7,COYE,2019,12,19.35483870967742
7,COYE,2020,12,14.117647058823529
7,COYE,2021,3,5.454545454545454
7,DOWO,2012,1,1.2048192771084338
7,DOWO,2015,1,1.282051282051282
7,DOWO,2021,1,1.8181818181818181
7,EABL,2008,1,2.5
7,EABL,2016,1,0.9174311926605505
7,EABL,2018,11,10.091743119266056
7,EABL,2019,2,3.225806451612903
7,EAPH,2009,1,2.5
7,EAPH,2011,1,1.5625
7,EAPH,2012,2,2.4096385542168677
7,EAPH,2014,2,2.898550724637681
7,EAPH,2015,1,1.282051282051282
7,EAPH,2016,14,12.844036697247708
7,EAPH,2017,9,22.5
7,EAPH,2018,8,7.339449541284404
7,EAPH,2019,4,6.451612903225806
7,EAPH,2020,5,5.88235294117647
7,EAPH,2021,3,5.454545454545454
7,EATO,2012,1,1.2048192771084338
7,EATO,2017,1,2.5
7,EATO,2019,1,1.6129032258064515
7,EWCS,2008,1,2.5
7,EWCS,2010,1,1.1904761904761905
7,EWCS,2012,3,3.614457831325301
7,EWCS,2014,5,7.246376811594203
7,EWCS,2015,3,3.8461538461538463
7,EWCS,2016,1,0.9174311926605505
7,FISP,2008,4,10
7,FISP,2010,2,2.380952380952381
7,FISP,2012,7,8.433734939759036
7,FISP,2013,8,11.428571428571429
7,FISP,2014,7,10.144927536231885
7,FISP,2015,8,10.256410256410255
7,FISP,2016,11,10.091743119266056
7,FISP,2017,4,10
7,FISP,2018,7,6.422018348623854
7,FISP,2019,3,4.838709677419355
7,FISP,2020,6,7.0588235294117645
7,FISP,2021,3,5.454545454545454
7,GCFL,2016,1,0.9174311926605505
7,GRCA,2012,2,2.4096385542168677
7,HAWO,2016,2,1.834862385321101
7,HOFI,2016,4,3.669724770642202
7,HOWR,2014,1,1.4492753623188406
7,HOWR,2016,2,1.834862385321101
7,HOWR,2017,1,2.5
7,HOWR,2018,3,2.7522935779816518
7,HOWR,2019,1,1.6129032258064515
7,INBU,2009,1,2.5
7,INBU,2010,5,5.952380952380952
7,INBU,2011,3,4.6875
7,INBU,2012,6,7.228915662650602
7,INBU,2013,2,2.857142857142857
7,INBU,2014,3,4.3478260869565215
7,INBU,2015,2,2.564102564102564
7,INBU,2016,7,6.422018348623854
7,INBU,2017,1,2.5
7,INBU,2018,5,4.587155963302752
7,INBU,2019,5,8.064516129032258
7,INBU,2020,1,1.1764705882352942
7,LISP,2012,1,1.2048192771084338
7,LISP,2013,1,1.4285714285714286
7,LISP,2021,1,1.8181818181818181
7,MODO,2017,1,2.5
7,MYWA,2010,1,1.1904761904761905
7,MYWA,2012,1,1.2048192771084338
7,MYWA,2015,3,3.8461538461538463
7,MYWA,2016,2,1.834862385321101
7,NAWA,2015,1,1.282051282051282
7,NOCA,2010,2,2.380952380952381
7,NOCA,2011,2,3.125
7,NOCA,2013,1,1.4285714285714286
7,NOCA,2016,1,0.9174311926605505
7,NOCA,2017,1,2.5
7,NOCA,2019,2,3.225806451612903
7,NOCA,2021,2,3.6363636363636362
7,NOMO,2008,1,2.5
7,NOMO,2009,1,2.5
7,NOMO,2010,1,1.1904761904761905
7,NOMO,2011,1,1.5625
7,NOMO,2012,1,1.2048192771084338
7,NOMO,2014,1,1.4492753623188406
7,NOMO,2015,5,6.41025641025641
7,NOMO,2016,1,0.9174311926605505
7,NOMO,2017,1,2.5
7,NOMO,2018,6,5.5045871559633035
7,NOMO,2019,2,3.225806451612903
7,NOMO,2020,1,1.1764705882352942
7,NOWA,2013,2,2.857142857142857
7,NOWA,2014,1,1.4492753623188406
7,NOWA,2018,1,0.9174311926605505
7,NOWA,2021,1,1.8181818181818181
7,OROR,2010,2,2.380952380952381
7,OROR,2012,1,1.2048192771084338
7,OROR,2015,2,2.564102564102564
7,OROR,2016,3,2.7522935779816518
7,OROR,2020,2,2.3529411764705883
7,OROR,2021,6,10.909090909090908
7,PAWA,2008,5,12.5
7,PAWA,2009,2,5
7,PAWA,2010,5,5.952380952380952
7,PAWA,2011,4,6.25
7,PAWA,2012,12,14.457831325301203
7,PAWA,2013,1,1.4285714285714286
7,PAWA,2014,1,1.4492753623188406
7,PAWA,2015,2,2.564102564102564
7,PAWA,2016,6,5.5045871559633035
7,PAWA,2017,7,17.5
7,PAWA,2018,27,24.770642201834864
7,PAWA,2019,3,4.838709677419355
7,PAWA,2020,3,3.5294117647058822
7,PAWA,2021,2,3.6363636363636362
7,PRAW,2014,1,1.4492753623188406
7,RCKI,2007,1,50
7,RCKI,2008,1,2.5
7,RCKI,2009,1,2.5
7,RCKI,2011,1,1.5625
7,RCKI,2012,1,1.2048192771084338
7,RCKI,2013,1,1.4285714285714286
7,RCKI,2015,1,1.282051282051282
7,RWBL,2011,1,1.5625
7,SAVS,2008,2,5
7,SAVS,2010,1,1.1904761904761905
7,SAVS,2016,2,1.834862385321101
7,SAVS,2017,1,2.5
7,SAVS,2018,3,2.7522935779816518
7,SAVS,2019,7,11.29032258064516
7,SAVS,2021,1,1.8181818181818181
7,SOSP,2007,1,50
7,SOSP,2008,11,27.500000000000004
7,SOSP,2009,16,40
7,SOSP,2010,18,21.428571428571427
7,SOSP,2011,12,18.75
7,SOSP,2012,5,6.024096385542169
7,SOSP,2013,11,15.714285714285714
7,SOSP,2014,11,15.942028985507244
7,SOSP,2015,11,14.102564102564102
7,SOSP,2016,22,20.18348623853211
7,SOSP,2017,2,5
7,SOSP,2018,10,9.174311926605505
7,SOSP,2019,7,11.29032258064516
7,SOSP,2020,13,15.294117647058824
7,SOSP,2021,9,16.363636363636363
7,SWSP,2008,13,32.5
7,SWSP,2009,16,40
7,SWSP,2010,30,35.714285714285715
7,SWSP,2011,18,28.125
7,SWSP,2012,16,19.27710843373494
7,SWSP,2013,32,45.714285714285715
7,SWSP,2014,19,27.536231884057973
7,SWSP,2015,17,21.794871794871796
7,SWSP,2016,19,17.431192660550458
7,SWSP,2017,5,12.5
7,SWSP,2018,12,11.009174311926607
7,SWSP,2019,12,19.35483870967742
7,SWSP,2020,37,43.529411764705884
7,SWSP,2021,22,40
7,TRFL/WIFL,2012,1,1.2048192771084338
7,WCSP,2018,2,1.834862385321101
7,WTSP,2010,1,1.1904761904761905
7,WTSP,2011,1,1.5625
7,WTSP,2012,1,1.2048192771084338
7,WTSP,2014,2,2.898550724637681
7,WTSP,2015,2,2.564102564102564
7,YBCH,2009,1,2.5
7,YBCH,2011,1,1.5625
7,YBCH,2012,2,2.4096385542168677
7,YBCH,2014,4,5.797101449275362
7,YBCH,2015,4,5.128205128205128
7,YBCH,2020,3,3.5294117647058822
8,ACFL,2012,2,1.092896174863388
8,ACFL,2017,1,0.4444444444444444
8,AMGO,2009,2,1.7241379310344827
8,AMGO,2010,5,3.546099290780142
8,AMGO,2011,5,4.273504273504273
8,AMGO,2012,19,10.382513661202186
8,AMGO,2014,11,9.401709401709402
8,AMGO,2015,3,3.6585365853658534
8,AMGO,2016,1,0.5617977528089888
8,AMGO,2017,8,3.5555555555555554
8,AMGO,2018,22,4.710920770877944
8,AMGO,2019,7,2.9535864978902953
8,AMGO,2020,7,4.216867469879518
8,AMRO,2012,1,0.546448087431694
8,AMRO,2016,2,1.1235955056179776
8,BGGN,2010,1,0.7092198581560284
8,BGGN,2011,3,2.564102564102564
8,BGGN,2012,5,2.73224043715847
8,BGGN,2014,3,2.564102564102564
8,BGGN,2015,1,1.2195121951219512
8,BGGN,2016,1,0.5617977528089888
8,BGGN,2017,1,0.4444444444444444
8,BHCO,2016,1,0.5617977528089888
8,BHCO,2017,1,0.4444444444444444
8,BHCO,2018,3,0.6423982869379015
8,BHNU,2020,3,1.8072289156626504
8,BLGR,2009,7,6.0344827586206895
8,BLGR,2011,1,0.8547008547008548
8,BLGR,2012,2,1.092896174863388
8,BLGR,2013,1,0.7874015748031495
8,BLGR,2014,3,2.564102564102564
8,BLGR,2015,1,1.2195121951219512
8,BLGR,2016,5,2.8089887640449436
8,BLGR,2017,3,1.3333333333333335
8,BLGR,2018,6,1.284796573875803
8,BLGR,2019,7,2.9535864978902953
8,BLGR,2021,2,1.574803149606299
8,BLPW,2015,1,1.2195121951219512
8,BRTH,2012,5,2.73224043715847
8,BRTH,2013,1,0.7874015748031495
8,BRTH,2014,2,1.7094017094017095
8,BRTH,2016,1,0.5617977528089888
8,BRTH,2020,2,1.2048192771084338
8,BRTH,2021,2,1.574803149606299
8,CACH,2008,2,2.2988505747126435
8,CACH,2009,1,0.8620689655172413
8,CACH,2011,2,1.7094017094017095
8,CACH,2012,1,0.546448087431694
8,CACH,2013,3,2.3622047244094486
8,CACH,2014,1,0.8547008547008548
8,CACH,2015,1,1.2195121951219512
8,CACH,2016,2,1.1235955056179776
8,CACH,2017,1,0.4444444444444444
8,CACH,2019,2,0.8438818565400843
8,CACH,2020,3,1.8072289156626504
8,CARW,2008,6,6.896551724137931
8,CARW,2009,5,4.310344827586207
8,CARW,2010,4,2.8368794326241136
8,CARW,2011,5,4.273504273504273
8,CARW,2012,3,1.639344262295082
8,CARW,2013,9,7.086614173228346
8,CARW,2014,11,9.401709401709402
8,CARW,2015,5,6.097560975609756
8,CARW,2016,5,2.8089887640449436
8,CARW,2017,6,2.666666666666667
8,CARW,2018,4,0.8565310492505354
8,CARW,2019,3,1.2658227848101267
8,CARW,2020,8,4.819277108433735
8,CARW,2021,7,5.511811023622047
8,CEDW,2018,10,2.141327623126338
8,CHSP,2015,1,1.2195121951219512
8,CHSP,2019,1,0.42194092827004215
8,CHSP,2020,2,1.2048192771084338
8,CHSP,2021,3,2.3622047244094486
8,COGR,2009,1,0.8620689655172413
8,COGR,2010,3,2.127659574468085
8,COGR,2011,1,0.8547008547008548
8,COGR,2014,1,0.8547008547008548
8,COGR,2017,7,3.111111111111111
8,COGR,2018,3,0.6423982869379015
8,COGR,2019,2,0.8438818565400843
8,COGR,2020,6,3.614457831325301
8,COHA,2018,2,0.4282655246252677
8,CONW,2012,1,0.546448087431694
8,CONW,2016,1,0.5617977528089888
8,COYE,2008,2,2.2988505747126435
8,COYE,2009,12,10.344827586206897
8,COYE,2010,5,3.546099290780142
8,COYE,2011,18,15.384615384615385
8,COYE,2012,24,13.114754098360656
8,COYE,2013,12,9.448818897637794
8,COYE,2014,8,6.837606837606838
8,COYE,2015,13,15.853658536585366
8,COYE,2016,20,11.235955056179774
8,COYE,2017,16,7.111111111111111
8,COYE,2018,25,5.353319057815846
8,COYE,2019,16,6.751054852320674
8,COYE,2020,24,14.457831325301203
8,COYE,2021,9,7.086614173228346
8,DOWO,2010,1,0.7092198581560284
8,DOWO,2012,4,2.185792349726776
8,DOWO,2013,1,0.7874015748031495
8,DOWO,2014,1,0.8547008547008548
8,DOWO,2015,1,1.2195121951219512
8,DOWO,2016,6,3.3707865168539324
8,DOWO,2017,6,2.666666666666667
8,DOWO,2018,3,0.6423982869379015
8,DOWO,2019,5,2.109704641350211
8,DOWO,2021,1,0.7874015748031495
8,EABL,2010,1,0.7092198581560284
8,EABL,2017,9,4
8,EABL,2018,20,4.282655246252676
8,EABL,2019,11,4.641350210970464
8,EABL,2020,2,1.2048192771084338
8,EABL,2021,4,3.149606299212598
8,EAKI,2019,1,0.42194092827004215
8,EAPH,2008,1,1.1494252873563218
8,EAPH,2009,18,15.517241379310345
8,EAPH,2010,6,4.25531914893617
8,EAPH,2011,2,1.7094017094017095
8,EAPH,2012,14,7.650273224043716
8,EAPH,2013,2,1.574803149606299
8,EAPH,2014,1,0.8547008547008548
8,EAPH,2015,3,3.6585365853658534
8,EAPH,2016,14,7.865168539325842
8,EAPH,2017,24,10.666666666666668
8,EAPH,2018,39,8.35117773019272
8,EAPH,2019,37,15.611814345991561
8,EAPH,2020,13,7.83132530120482
8,EAPH,2021,11,8.661417322834646
8,EATO,2013,3,2.3622047244094486
8,EATO,2014,1,0.8547008547008548
8,EATO,2017,2,0.8888888888888888
8,EATO,2019,2,0.8438818565400843
8,EATO,2020,1,0.6024096385542169
8,EAWP,2009,1,0.8620689655172413
8,EAWP,2015,1,1.2195121951219512
8,EAWP,2016,1,0.5617977528089888
8,EWCS,2012,1,0.546448087431694
8,FISP,2008,5,5.747126436781609
8,FISP,2009,3,2.586206896551724
8,FISP,2011,7,5.982905982905983
8,FISP,2012,9,4.918032786885246
8,FISP,2013,14,11.023622047244094
8,FISP,2014,3,2.564102564102564
8,FISP,2015,4,4.878048780487805
8,FISP,2016,14,7.865168539325842
8,FISP,2017,14,6.222222222222222
8,FISP,2018,43,9.207708779443255
8,FISP,2019,10,4.219409282700422
8,FISP,2020,2,1.2048192771084338
8,FISP,2021,7,5.511811023622047
8,FOSP,2015,1,1.2195121951219512
8,GCFL,2018,1,0.21413276231263384
8,GCFL,2019,1,0.42194092827004215
8,GRCA,2011,2,1.7094017094017095
8,GRCA,2014,1,0.8547008547008548
8,GRCA,2015,2,2.4390243902439024
8,GRCA,2016,1,0.5617977528089888
8,GRCA,2020,1,0.6024096385542169
8,HAWO,2018,1,0.21413276231263384
8,HOFI,2016,1,0.5617977528089888
8,HOFI,2017,1,0.4444444444444444
8,HOFI,2018,5,1.070663811563169
8,HOFI,2021,1,0.7874015748031495
8,HOWR,2009,1,0.8620689655172413
8,HOWR,2010,1,0.7092198581560284
8,HOWR,2012,1,0.546448087431694
8,HOWR,2013,1,0.7874015748031495
8,HOWR,2014,2,1.7094017094017095
8,HOWR,2016,6,3.3707865168539324
8,HOWR,2017,1,0.4444444444444444
8,HOWR,2018,3,0.6423982869379015
8,HOWR,2019,3,1.2658227848101267
8,HOWR,2020,3,1.8072289156626504
8,HOWR,2021,1,0.7874015748031495
8,INBU,2008,2,2.2988505747126435
8,INBU,2009,2,1.7241379310344827
8,INBU,2010,4,2.8368794326241136
8,INBU,2011,5,4.273504273504273
8,INBU,2012,9,4.918032786885246
8,INBU,2013,1,0.7874015748031495
8,INBU,2014,8,6.837606837606838
8,INBU,2015,8,9.75609756097561
8,INBU,2016,6,3.3707865168539324
8,INBU,2017,9,4
8,INBU,2018,71,15.203426124197003
8,INBU,2019,13,5.485232067510549
8,INBU,2020,8,4.819277108433735
8,INBU,2021,9,7.086614173228346
8,KEWA,2011,2,1.7094017094017095
8,KEWA,2014,1,0.8547008547008548
8,LISP,2012,1,0.546448087431694
8,LISP,2013,1,0.7874015748031495
8,LISP,2021,1,0.7874015748031495
8,LOWA,2012,1,0.546448087431694
8,LOWA,2013,1,0.7874015748031495
8,MAWA,2012,1,0.546448087431694
8,MAWA,2015,1,1.2195121951219512
8,MODO,2018,6,1.284796573875803
8,MODO,2019,1,0.42194092827004215
8,MODO,2020,1,0.6024096385542169
8,MYWA,2009,1,0.8620689655172413
8,MYWA,2010,1,0.7092198581560284
8,MYWA,2011,1,0.8547008547008548
8,MYWA,2012,1,0.546448087431694
8,MYWA,2014,1,0.8547008547008548
8,MYWA,2015,2,2.4390243902439024
8,MYWA,2016,4,2.247191011235955
8,MYWA,2017,7,3.111111111111111
8,MYWA,2018,9,1.9271948608137044
8,MYWA,2021,3,2.3622047244094486
8,NAWA,2014,1,0.8547008547008548
8,NOCA,2009,2,1.7241379310344827
8,NOCA,2010,1,0.7092198581560284
8,NOCA,2011,7,5.982905982905983
8,NOCA,2012,9,4.918032786885246
8,NOCA,2013,3,2.3622047244094486
8,NOCA,2014,7,5.982905982905983
8,NOCA,2015,2,2.4390243902439024
8,NOCA,2016,6,3.3707865168539324
8,NOCA,2017,8,3.5555555555555554
8,NOCA,2018,7,1.4989293361884368
8,NOCA,2019,8,3.375527426160337
8,NOCA,2020,3,1.8072289156626504
8,NOCA,2021,2,1.574803149606299
8,NOMO,2009,7,6.0344827586206895
8,NOMO,2010,3,2.127659574468085
8,NOMO,2011,8,6.837606837606838
8,NOMO,2012,15,8.19672131147541
8,NOMO,2013,1,0.7874015748031495
8,NOMO,2014,3,2.564102564102564
8,NOMO,2015,4,4.878048780487805
8,NOMO,2016,7,3.932584269662921
8,NOMO,2017,6,2.666666666666667
8,NOMO,2018,22,4.710920770877944
8,NOMO,2019,20,8.438818565400844
8,NOMO,2020,6,3.614457831325301
8,NOMO,2021,6,4.724409448818897
8,NOWA,2010,5,3.546099290780142
8,NOWA,2011,2,1.7094017094017095
8,NOWA,2012,1,0.546448087431694
8,NOWA,2013,4,3.149606299212598
8,NOWA,2015,5,6.097560975609756
8,NOWA,2016,4,2.247191011235955
8,NOWA,2017,1,0.4444444444444444
8,NOWA,2018,2,0.4282655246252677
8,NOWA,2019,1,0.42194092827004215
8,NOWA,2020,1,0.6024096385542169
8,OROR,2010,2,1.4184397163120568
8,OROR,2011,1,0.8547008547008548
8,OROR,2012,2,1.092896174863388
8,OROR,2013,4,3.149606299212598
8,OROR,2014,2,1.7094017094017095
8,OROR,2015,1,1.2195121951219512
8,OROR,2016,2,1.1235955056179776
8,OROR,2017,3,1.3333333333333335
8,OROR,2021,3,2.3622047244094486
8,PAWA,2008,4,4.597701149425287
8,PAWA,2010,4,2.8368794326241136
8,PAWA,2011,3,2.564102564102564
8,PAWA,2012,7,3.825136612021858
8,PAWA,2013,4,3.149606299212598
8,PAWA,2014,2,1.7094017094017095
8,PAWA,2016,3,1.6853932584269662
8,PAWA,2017,17,7.555555555555555
8,PAWA,2018,37,7.922912205567452
8,PAWA,2019,16,6.751054852320674
8,PAWA,2020,14,8.433734939759036
8,PAWA,2021,11,8.661417322834646
8,PIWA,2009,1,0.8620689655172413
8,PIWA,2017,1,0.4444444444444444
8,PIWA,2018,5,1.070663811563169
8,PIWA,2019,1,0.42194092827004215
8,PRAW,2008,1,1.1494252873563218
8,PRAW,2019,1,0.42194092827004215
8,RBWO,2016,1,0.5617977528089888
8,RCKI,2008,1,1.1494252873563218
8,RCKI,2011,1,0.8547008547008548
8,RCKI,2012,3,1.639344262295082
8,RCKI,2013,3,2.3622047244094486
8,RCKI,2014,3,2.564102564102564
8,RCKI,2015,3,3.6585365853658534
8,RCKI,2016,4,2.247191011235955
8,RCKI,2017,1,0.4444444444444444
8,RCKI,2018,1,0.21413276231263384
8,RCKI,2019,6,2.5316455696202533
8,RCKI,2020,1,0.6024096385542169
8,RCKI,2021,1,0.7874015748031495
8,REVI,2009,1,0.8620689655172413
8,REVI,2011,1,0.8547008547008548
8,REVI,2016,1,0.5617977528089888
8,RWBL,2010,8,5.673758865248227
8,RWBL,2014,2,1.7094017094017095
8,RWBL,2016,1,0.5617977528089888
8,RWBL,2017,3,1.3333333333333335
8,RWBL,2018,14,2.9978586723768736
8,RWBL,2019,1,0.42194092827004215
8,SAVS,2008,6,6.896551724137931
8,SAVS,2010,3,2.127659574468085
8,SAVS,2014,2,1.7094017094017095
8,SAVS,2017,4,1.7777777777777777
8,SAVS,2018,2,0.4282655246252677
8,SAVS,2019,1,0.42194092827004215
8,SAVS,2021,2,1.574803149606299
8,SOSP,2008,30,34.48275862068966
8,SOSP,2009,23,19.82758620689655
8,SOSP,2010,31,21.98581560283688
8,SOSP,2011,7,5.982905982905983
8,SOSP,2012,5,2.73224043715847
8,SOSP,2013,15,11.811023622047244
8,SOSP,2014,6,5.128205128205128
8,SOSP,2015,1,1.2195121951219512
8,SOSP,2016,16,8.98876404494382
8,SOSP,2017,33,14.666666666666666
8,SOSP,2018,59,12.633832976445397
8,SOSP,2019,33,13.924050632911392
8,SOSP,2020,22,13.253012048192772
8,SOSP,2021,17,13.385826771653544
8,SSHA,2017,1,0.4444444444444444
8,SUTA,2012,1,0.546448087431694
8,SWSP,2008,24,27.586206896551722
8,SWSP,2009,25,21.551724137931032
8,SWSP,2010,50,35.46099290780142
8,SWSP,2011,20,17.094017094017094
8,SWSP,2012,20,10.92896174863388
8,SWSP,2013,33,25.984251968503933
8,SWSP,2014,18,15.384615384615385
8,SWSP,2015,8,9.75609756097561
8,SWSP,2016,20,11.235955056179774
8,SWSP,2017,21,9.333333333333334
8,SWSP,2018,41,8.779443254817988
8,SWSP,2019,26,10.970464135021098
8,SWSP,2020,27,16.265060240963855
8,SWSP,2021,19,14.960629921259844
8,TRFL/WIFL,2011,3,2.564102564102564
8,TRFL/WIFL,2012,1,0.546448087431694
8,TRFL/WIFL,2016,2,1.1235955056179776
8,TRFL/WIFL,2021,2,1.574803149606299
8,TUTI,2011,3,2.564102564102564
8,TUTI,2012,1,0.546448087431694
8,TUTI,2016,3,1.6853932584269662
8,UNEM,2016,1,0.5617977528089888
8,WCSP,2016,1,0.5617977528089888
8,WEVI,2012,2,1.092896174863388
8,WEVI,2015,3,3.6585365853658534
8,WEVI,2016,1,0.5617977528089888
8,WEVI,2017,1,0.4444444444444444
8,WEVI,2019,1,0.42194092827004215
8,WEVI,2020,1,0.6024096385542169
8,WIWR,2014,1,0.8547008547008548
8,WTSP,2008,2,2.2988505747126435
8,WTSP,2009,1,0.8620689655172413
8,WTSP,2010,2,1.4184397163120568
8,WTSP,2011,2,1.7094017094017095
8,WTSP,2012,5,2.73224043715847
8,WTSP,2013,4,3.149606299212598
8,WTSP,2014,3,2.564102564102564
8,WTSP,2015,1,1.2195121951219512
8,WTSP,2016,2,1.1235955056179776
8,WTSP,2017,1,0.4444444444444444
8,YBCH,2008,1,1.1494252873563218
8,YBCH,2009,2,1.7241379310344827
8,YBCH,2011,5,4.273504273504273
8,YBCH,2012,5,2.73224043715847
8,YBCH,2013,5,3.937007874015748
8,YBCH,2014,8,6.837606837606838
8,YBCH,2015,5,6.097560975609756
8,YBCH,2016,11,6.179775280898876
8,YBCH,2017,6,2.666666666666667
8,YBCH,2020,5,3.0120481927710845
8,YBCH,2021,3,2.3622047244094486
8,YBSA,2013,1,0.7874015748031495
8,YEWA,2017,1,0.4444444444444444
8,YSFL,2012,1,0.546448087431694
8,YSFL,2018,1,0.21413276231263384
9,BLGR,2010,1,50
9,CHSP,2014,1,50
9,COYE,2017,1,100
9,INBU,2018,1,50
9,NOCA,2011,1,100
9,PAWA,2008,4,18.181818181818183
9,PAWA,2014,1,50
9,PAWA,2018,1,50
9,SAVS,2008,1,4.545454545454546
9,SOSP,2008,10,45.45454545454545
9,SOSP,2009,3,100
9,SWSP,2008,7,31.818181818181817
9,SWSP,2010,1,50
9,SWSP,2015,1,100
9,SWSP,2016,1,100
9,SWSP,2021,1,100
10,BGGN,2009,1,100
10,CACH,2013,1,50
10,COYE,2008,1,6.25
10,NOMO,2014,1,100
10,PAWA,2008,1,6.25
10,RCKI,2013,1,50
10,SAVS,2008,5,31.25
10,SOSP,2008,2,12.5
10,SWSP,2008,7,43.75
11,EABL,2008,1,3.7037037037037033
11,FISP,2008,1,3.7037037037037033
11,NRWS,2010,1,100
11,PAWA,2008,1,3.7037037037037033
11,SAVS,2008,4,14.814814814814813
11,SOSP,2008,17,62.96296296296296
11,SWSP,2008,3,11.11111111111111
12,CACH,2008,1,2
12,CHSP,2008,2,4
12,FISP,2008,7,14.000000000000002
12,FISP,2009,2,15.384615384615385
12,FISP,2014,1,50
12,INBU,2021,1,100
12,PAWA,2008,2,4
12,PAWA,2014,1,50
12,SAVS,2007,7,77.77777777777779
12,SAVS,2008,12,24
12,SAVS,2009,1,7.6923076923076925
12,SOSP,2007,1,11.11111111111111
12,SOSP,2008,19,38
12,SOSP,2009,8,61.53846153846154
12,SWSP,2007,1,11.11111111111111
12,SWSP,2008,7,14.000000000000002
12,SWSP,2009,2,15.384615384615385
13,SAVS,2008,3,75
13,SOSP,2008,1,25
13,SOSP,2009,3,100
14,AMGO,2010,4,3.8834951456310676
14,AMGO,2011,2,4.761904761904762
14,AMGO,2012,4,10.81081081081081
14,AMGO,2018,3,5.357142857142857
14,AMGO,2020,2,4.651162790697675
14,AMRO,2014,3,8.108108108108109
14,AMRO,2018,3,5.357142857142857
14,BARS,2011,1,2.380952380952381
14,BHCO,2010,2,1.9417475728155338
14,BHCO,2016,1,2.7777777777777777
14,BHCO,2020,1,2.3255813953488373
14,BLGR,2017,2,7.4074074074074066
14,BLGR,2018,1,1.7857142857142856
14,BLGR,2020,3,6.976744186046512
14,CACH,2015,3,9.375
14,CACH,2016,3,8.333333333333332
14,CARW,2020,1,2.3255813953488373
14,CHSP,2018,7,12.5
14,COYE,2008,1,100
14,COYE,2009,2,15.384615384615385
14,COYE,2010,1,0.9708737864077669
14,COYE,2012,1,2.7027027027027026
14,COYE,2013,4,21.052631578947366
14,COYE,2014,1,2.7027027027027026
14,COYE,2016,1,2.7777777777777777
14,COYE,2017,2,7.4074074074074066
14,COYE,2018,3,5.357142857142857
14,COYE,2019,9,47.368421052631575
14,COYE,2020,13,30.23255813953488
14,COYE,2021,1,1.8518518518518516
14,EABL,2010,2,1.9417475728155338
14,EABL,2013,1,5.263157894736842
14,EABL,2014,2,5.405405405405405
14,EABL,2018,3,5.357142857142857
14,EABL,2021,1,1.8518518518518516
14,EAKI,2010,1,0.9708737864077669
14,EAKI,2017,1,3.7037037037037033
14,EAKI,2018,1,1.7857142857142856
14,EAPH,2009,1,7.6923076923076925
14,EAPH,2010,1,0.9708737864077669
14,EAPH,2011,1,2.380952380952381
14,EAPH,2012,1,2.7027027027027026
14,EAPH,2014,1,2.7027027027027026
14,EAPH,2016,2,5.555555555555555
14,EAPH,2018,1,1.7857142857142856
14,EAPH,2020,1,2.3255813953488373
14,EAPH,2021,1,1.8518518518518516
14,EATO,2021,1,1.8518518518518516
14,EWCS,2014,2,5.405405405405405
14,FISP,2009,1,7.6923076923076925
14,FISP,2011,1,2.380952380952381
14,FISP,2012,2,5.405405405405405
14,FISP,2013,3,15.789473684210526
14,FISP,2014,2,5.405405405405405
14,FISP,2015,9,28.125
14,FISP,2016,10,27.77777777777778
14,FISP,2017,3,11.11111111111111
14,FISP,2018,2,3.571428571428571
14,FISP,2019,3,15.789473684210526
14,FISP,2020,5,11.627906976744185
14,FISP,2021,17,31.48148148148148
14,FOSP,2016,1,2.7777777777777777
14,GRSP,2011,1,2.380952380952381
14,GRSP,2013,1,5.263157894736842
14,HOWR,2017,1,3.7037037037037033
14,HOWR,2021,1,1.8518518518518516
14,INBU,2011,6,14.285714285714285
14,INBU,2012,1,2.7027027027027026
14,INBU,2013,1,5.263157894736842
14,INBU,2014,2,5.405405405405405
14,INBU,2015,2,6.25
14,INBU,2016,3,8.333333333333332
14,INBU,2017,1,3.7037037037037033
14,INBU,2018,2,3.571428571428571
14,INBU,2019,3,15.789473684210526
14,INBU,2020,2,4.651162790697675
14,LISP,2009,1,7.6923076923076925
14,MAWA,2015,1,3.125
14,MAWR,2017,1,3.7037037037037033
14,MYWA,2010,1,0.9708737864077669
14,NOCA,2021,1,1.8518518518518516
14,NOMO,2016,1,2.7777777777777777
14,NOMO,2019,1,5.263157894736842
14,NOMO,2021,1,1.8518518518518516
14,NOWA,2015,1,3.125
14,NRWS,2009,1,7.6923076923076925
14,NRWS,2015,1,3.125
14,NRWS,2016,2,5.555555555555555
14,NRWS,2018,1,1.7857142857142856
14,OROR,2012,1,2.7027027027027026
14,OROR,2018,1,1.7857142857142856
14,OROR,2021,1,1.8518518518518516
14,PAWA,2010,5,4.854368932038835
14,PAWA,2011,12,28.57142857142857
14,PAWA,2012,13,35.13513513513514
14,PAWA,2013,1,5.263157894736842
14,PAWA,2014,2,5.405405405405405
14,PAWA,2015,2,6.25
14,PAWA,2016,1,2.7777777777777777
14,PAWA,2017,5,18.51851851851852
14,PAWA,2018,12,21.428571428571427
14,PAWA,2021,2,3.7037037037037033
14,PIWA,2013,1,5.263157894736842
14,RWBL,2010,2,1.9417475728155338
14,RWBL,2011,4,9.523809523809524
14,RWBL,2019,1,5.263157894736842
14,SAVS,2009,4,30.76923076923077
14,SAVS,2010,71,68.93203883495146
14,SAVS,2011,11,26.190476190476193
14,SAVS,2012,4,10.81081081081081
14,SAVS,2013,2,10.526315789473683
14,SAVS,2014,14,37.83783783783784
14,SAVS,2015,3,9.375
14,SAVS,2017,2,7.4074074074074066
14,SAVS,2018,6,10.714285714285714
14,SAVS,2020,3,6.976744186046512
14,SAVS,2021,7,12.962962962962962
14,SOSP,2009,2,15.384615384615385
14,SOSP,2010,7,6.796116504854369
14,SOSP,2011,1,2.380952380952381
14,SOSP,2012,4,10.81081081081081
14,SOSP,2013,1,5.263157894736842
14,SOSP,2014,3,8.108108108108109
14,SOSP,2015,4,12.5
14,SOSP,2016,8,22.22222222222222
14,SOSP,2017,4,14.814814814814813
14,SOSP,2018,6,10.714285714285714
14,SOSP,2019,1,5.263157894736842
14,SOSP,2020,5,11.627906976744185
14,SOSP,2021,14,25.925925925925924
14,SWSP,2009,1,7.6923076923076925
14,SWSP,2010,4,3.8834951456310676
14,SWSP,2011,1,2.380952380952381
14,SWSP,2012,3,8.108108108108109
14,SWSP,2013,2,10.526315789473683
14,SWSP,2014,3,8.108108108108109
14,SWSP,2015,4,12.5
14,SWSP,2016,3,8.333333333333332
14,SWSP,2017,5,18.51851851851852
14,SWSP,2018,2,3.571428571428571
14,SWSP,2019,1,5.263157894736842
14,SWSP,2020,7,16.27906976744186
14,SWSP,2021,6,11.11111111111111
14,TEWA,2011,1,2.380952380952381
14,TRES,2012,2,5.405405405405405
14,TRES,2018,2,3.571428571428571
14,TRFL/WIFL,2013,1,5.263157894736842
14,VESP,2010,2,1.9417475728155338
14,VESP,2012,1,2.7027027027027026
14,VESP,2013,1,5.263157894736842
14,VESP,2015,2,6.25
14,WTSP,2014,2,5.405405405405405
15,AMGO,2010,10,8.620689655172415
15,AMGO,2012,1,2.5
15,AMGO,2013,8,24.242424242424242
15,AMGO,2015,1,1.5384615384615385
15,AMGO,2017,1,2.2222222222222223
15,AMGO,2020,4,7.6923076923076925
15,AMGO,2021,8,8.60215053763441
15,AMWO,2021,1,1.0752688172043012
15,BARS,2019,1,4.545454545454546
15,BLGR,2013,1,3.0303030303030303
15,BLGR,2014,1,2.7777777777777777
15,BLGR,2015,2,3.076923076923077
15,BLGR,2017,1,2.2222222222222223
15,BLGR,2019,1,4.545454545454546
15,BLGR,2020,2,3.8461538461538463
15,BLGR,2021,2,2.1505376344086025
15,BOBO,2016,1,2.3255813953488373
15,BOBO,2017,1,2.2222222222222223
15,BRTH,2015,1,1.5384615384615385
15,CACH,2015,2,3.076923076923077
15,CARW,2015,1,1.5384615384615385
15,CARW,2020,1,1.9230769230769231
15,CHSP,2010,1,0.8620689655172413
15,CHSP,2018,1,2.2222222222222223
15,CHSP,2021,5,5.376344086021505
15,COGR,2018,1,2.2222222222222223
15,COYE,2009,1,9.090909090909092
15,COYE,2011,2,3.508771929824561
15,COYE,2013,2,6.0606060606060606
15,COYE,2014,5,13.88888888888889
15,COYE,2015,13,20
15,COYE,2016,2,4.651162790697675
15,COYE,2017,8,17.77777777777778
15,COYE,2018,5,11.11111111111111
15,COYE,2019,6,27.27272727272727
15,COYE,2020,4,7.6923076923076925
15,COYE,2021,7,7.526881720430108
15,EABL,2009,3,27.27272727272727
15,EABL,2013,1,3.0303030303030303
15,EABL,2017,1,2.2222222222222223
15,EABL,2018,6,13.333333333333334
15,EAKI,2017,1,2.2222222222222223
15,EAKI,2020,1,1.9230769230769231
15,EAPH,2009,1,9.090909090909092
15,EAPH,2015,1,1.5384615384615385
15,EAPH,2017,2,4.444444444444445
15,EAPH,2018,2,4.444444444444445
15,EAPH,2019,1,4.545454545454546
15,EAPH,2020,1,1.9230769230769231
15,EAPH,2021,3,3.225806451612903
15,EATO,2020,1,1.9230769230769231
15,EWCS,2014,2,5.555555555555555
15,FISP,2008,5,45.45454545454545
15,FISP,2009,1,9.090909090909092
15,FISP,2010,1,0.8620689655172413
15,FISP,2011,4,7.017543859649122
15,FISP,2012,9,22.5
15,FISP,2013,3,9.090909090909092
15,FISP,2014,5,13.88888888888889
15,FISP,2015,2,3.076923076923077
15,FISP,2016,2,4.651162790697675
15,FISP,2017,1,2.2222222222222223
15,FISP,2018,3,6.666666666666667
15,FISP,2020,2,3.8461538461538463
15,FISP,2021,2,2.1505376344086025
15,FOSP,2011,1,1.7543859649122806
15,FOSP,2014,1,2.7777777777777777
15,FOSP,2017,2,4.444444444444445
15,HESP,2015,1,1.5384615384615385
15,HOWR,2015,1,1.5384615384615385
15,HOWR,2017,1,2.2222222222222223
15,INBU,2011,3,5.263157894736842
15,INBU,2015,2,3.076923076923077
15,INBU,2016,4,9.30232558139535
15,INBU,2017,2,4.444444444444445
15,INBU,2018,1,2.2222222222222223
15,INBU,2019,1,4.545454545454546
15,INBU,2020,2,3.8461538461538463
15,INBU,2021,1,1.0752688172043012
15,LCSP,2020,1,1.9230769230769231
15,LISP,2015,2,3.076923076923077
15,MAWR,2017,1,2.2222222222222223
15,MAWR,2019,1,4.545454545454546
15,MAWR,2020,1,1.9230769230769231
15,MYWA,2010,1,0.8620689655172413
15,MYWA,2012,1,2.5
15,NOMO,2009,1,9.090909090909092
15,NOMO,2015,1,1.5384615384615385
15,NOMO,2016,1,2.3255813953488373
15,NOMO,2021,2,2.1505376344086025
15,NOWA,2009,1,9.090909090909092
15,NOWA,2012,1,2.5
15,NRWS,2009,1,9.090909090909092
15,NRWS,2015,2,3.076923076923077
15,NRWS,2021,1,1.0752688172043012
15,OCWA,2014,1,2.7777777777777777
15,OROR,2013,1,3.0303030303030303
15,OROR,2016,1,2.3255813953488373
15,OROR,2017,1,2.2222222222222223
15,OROR,2021,1,1.0752688172043012
15,PAWA,2010,1,0.8620689655172413
15,PAWA,2011,4,7.017543859649122
15,PAWA,2012,8,20
15,PAWA,2013,1,3.0303030303030303
15,PAWA,2014,1,2.7777777777777777
15,PAWA,2015,1,1.5384615384615385
15,PAWA,2017,1,2.2222222222222223
15,PAWA,2018,8,17.77777777777778
15,PAWA,2019,1,4.545454545454546
15,PAWA,2020,3,5.769230769230769
15,PAWA,2021,4,4.301075268817205
15,PIWA,2018,1,2.2222222222222223
15,PRAW,2015,1,1.5384615384615385
15,RWBL,2010,2,1.7241379310344827
15,RWBL,2011,1,1.7543859649122806
15,RWBL,2018,2,4.444444444444445
15,RWBL,2020,2,3.8461538461538463
15,SAVS,2008,5,45.45454545454545
15,SAVS,2010,74,63.793103448275865
15,SAVS,2011,27,47.368421052631575
15,SAVS,2012,4,10
15,SAVS,2013,3,9.090909090909092
15,SAVS,2014,3,8.333333333333332
15,SAVS,2015,3,4.615384615384616
15,SAVS,2016,2,4.651162790697675
15,SAVS,2017,1,2.2222222222222223
15,SAVS,2018,4,8.88888888888889
15,SAVS,2019,1,4.545454545454546
15,SAVS,2021,5,5.376344086021505
15,SOSP,2008,1,9.090909090909092
15,SOSP,2009,2,18.181818181818183
15,SOSP,2010,16,13.793103448275861
15,SOSP,2011,10,17.543859649122805
15,SOSP,2012,9,22.5
15,SOSP,2013,5,15.151515151515152
15,SOSP,2014,4,11.11111111111111
15,SOSP,2015,9,13.846153846153847
15,SOSP,2016,6,13.953488372093023
15,SOSP,2017,7,15.555555555555555
15,SOSP,2019,4,18.181818181818183
15,SOSP,2020,8,15.384615384615385
15,SOSP,2021,36,38.70967741935484
15,SWSP,2010,10,8.620689655172415
15,SWSP,2011,5,8.771929824561402
15,SWSP,2012,7,17.5
15,SWSP,2013,8,24.242424242424242
15,SWSP,2014,11,30.555555555555557
15,SWSP,2015,16,24.615384615384617
15,SWSP,2016,21,48.837209302325576
15,SWSP,2017,13,28.888888888888886
15,SWSP,2018,9,20
15,SWSP,2019,5,22.727272727272727
15,SWSP,2020,18,34.61538461538461
15,SWSP,2021,15,16.129032258064516
15,TRFL/WIFL,2015,1,1.5384615384615385
15,TRFL/WIFL,2016,1,2.3255813953488373
15,WISN,2014,2,5.555555555555555
15,WISN,2018,2,4.444444444444445
15,WTSP,2015,2,3.076923076923077
15,YBCH,2016,2,4.651162790697675
15,YBCH,2020,1,1.9230769230769231
16,AMGO,2010,1,1.7543859649122806
16,AMGO,2012,18,13.846153846153847
16,AMGO,2015,1,1.0101010101010102
16,AMGO,2018,1,2.380952380952381
16,AMKE,2020,1,3.225806451612903
16,AMRO,2018,1,2.380952380952381
16,BGGN,2012,1,0.7692307692307693
16,BLGR,2011,3,3.5294117647058822
16,BLGR,2014,3,4.838709677419355
16,BLGR,2015,1,1.0101010101010102
16,BLGR,2016,1,1.2987012987012987
16,BRTH,2010,1,1.7543859649122806
16,CACH,2016,2,2.5974025974025974
16,CARW,2015,7,7.07070707070707
16,CARW,2016,1,1.2987012987012987
16,CHSP,2008,2,100
16,CHSP,2012,1,0.7692307692307693
16,COYE,2009,4,12.903225806451612
16,COYE,2011,7,8.235294117647058
16,COYE,2012,10,7.6923076923076925
16,COYE,2014,5,8.064516129032258
16,COYE,2015,7,7.07070707070707
16,COYE,2016,7,9.090909090909092
16,COYE,2017,1,2.0408163265306123
16,COYE,2018,2,4.761904761904762
16,COYE,2019,2,10
16,COYE,2020,3,9.67741935483871
16,COYE,2021,4,12.903225806451612
16,EABL,2010,2,3.508771929824561
16,EABL,2011,3,3.5294117647058822
16,EABL,2012,1,0.7692307692307693
16,EABL,2013,1,2.5
16,EABL,2015,4,4.040404040404041
16,EABL,2016,3,3.896103896103896
16,EABL,2018,5,11.904761904761903
16,EABL,2019,2,10
16,EABL,2020,1,3.225806451612903
16,EABL,2021,2,6.451612903225806
16,EAKI,2010,1,1.7543859649122806
16,EAPH,2009,9,29.03225806451613
16,EAPH,2011,2,2.3529411764705883
16,EAPH,2012,15,11.538461538461538
16,EAPH,2013,1,2.5
16,EAPH,2014,2,3.225806451612903
16,EAPH,2015,1,1.0101010101010102
16,EAPH,2016,1,1.2987012987012987
16,EAPH,2017,2,4.081632653061225
16,EAPH,2018,2,4.761904761904762
16,EAPH,2019,3,15
16,EAPH,2020,1,3.225806451612903
16,EAPH,2021,3,9.67741935483871
16,EWCS,2012,1,0.7692307692307693
16,FISP,2009,1,3.225806451612903
16,FISP,2011,6,7.0588235294117645
16,FISP,2012,6,4.615384615384616
16,FISP,2013,2,5
16,FISP,2014,2,3.225806451612903
16,FISP,2015,5,5.05050505050505
16,FISP,2016,12,15.584415584415584
16,FISP,2017,8,16.3265306122449
16,FISP,2018,4,9.523809523809524
16,FISP,2019,2,10
16,FISP,2020,3,9.67741935483871
16,FISP,2021,3,9.67741935483871
16,FOSP,2012,1,0.7692307692307693
16,HOFI,2012,5,3.8461538461538463
16,HOWR,2016,1,1.2987012987012987
16,INBU,2009,3,9.67741935483871
16,INBU,2010,1,1.7543859649122806
16,INBU,2011,2,2.3529411764705883
16,INBU,2012,9,6.923076923076923
16,INBU,2015,3,3.0303030303030303
16,INBU,2016,2,2.5974025974025974
16,INBU,2018,9,21.428571428571427
16,INBU,2019,2,10
16,INBU,2021,1,3.225806451612903
16,KILL,2017,1,2.0408163265306123
16,LISP,2010,1,1.7543859649122806
16,LISP,2013,1,2.5
16,LOSH,2013,1,2.5
16,MYWA,2011,4,4.705882352941177
16,NOCA,2009,1,3.225806451612903
16,NOCA,2013,1,2.5
16,NOCA,2020,1,3.225806451612903
16,NOCA,2021,1,3.225806451612903
16,NOMO,2010,1,1.7543859649122806
16,NOMO,2011,5,5.88235294117647
16,NOMO,2012,2,1.5384615384615385
16,NOMO,2013,1,2.5
16,NOMO,2016,5,6.493506493506493
16,NOMO,2017,1,2.0408163265306123
16,NOMO,2018,2,4.761904761904762
16,OROR,2009,1,3.225806451612903
16,OROR,2011,3,3.5294117647058822
16,OROR,2012,2,1.5384615384615385
16,OROR,2016,2,2.5974025974025974
16,OROR,2017,2,4.081632653061225
16,PAWA,2010,3,5.263157894736842
16,PAWA,2011,8,9.411764705882353
16,PAWA,2012,12,9.230769230769232
16,PAWA,2013,2,5
16,PAWA,2014,12,19.35483870967742
16,PAWA,2015,3,3.0303030303030303
16,PAWA,2017,10,20.408163265306122
16,PAWA,2018,4,9.523809523809524
16,PAWA,2020,1,3.225806451612903
16,RWBL,2009,3,9.67741935483871
16,RWBL,2010,1,1.7543859649122806
16,RWBL,2013,2,5
16,RWBL,2014,1,1.6129032258064515
16,RWBL,2017,2,4.081632653061225
16,RWBL,2018,4,9.523809523809524
16,SAVS,2010,3,5.263157894736842
16,SAVS,2014,1,1.6129032258064515
16,SAVS,2015,1,1.0101010101010102
16,SAVS,2016,15,19.480519480519483
16,SAVS,2017,15,30.612244897959183
16,SAVS,2018,2,4.761904761904762
16,SAVS,2019,3,15
16,SAVS,2020,5,16.129032258064516
16,SAVS,2021,5,16.129032258064516
16,SOSP,2009,5,16.129032258064516
16,SOSP,2010,4,7.017543859649122
16,SOSP,2011,13,15.294117647058824
16,SOSP,2012,26,20
16,SOSP,2013,11,27.500000000000004
16,SOSP,2014,11,17.741935483870968
16,SOSP,2015,23,23.232323232323232
16,SOSP,2016,8,10.38961038961039
16,SOSP,2017,4,8.16326530612245
16,SOSP,2018,6,14.285714285714285
16,SOSP,2019,5,25
16,SOSP,2020,6,19.35483870967742
16,SOSP,2021,6,19.35483870967742
16,SWSP,2009,4,12.903225806451612
16,SWSP,2010,38,66.66666666666666
16,SWSP,2011,29,34.11764705882353
16,SWSP,2012,16,12.307692307692308
16,SWSP,2013,16,40
16,SWSP,2014,23,37.096774193548384
16,SWSP,2015,42,42.42424242424242
16,SWSP,2016,15,19.480519480519483
16,SWSP,2017,3,6.122448979591836
16,SWSP,2019,1,5
16,SWSP,2020,9,29.03225806451613
16,SWSP,2021,6,19.35483870967742
16,VESP,2014,1,1.6129032258064515
16,WTSP,2012,2,1.5384615384615385
16,WTSP,2013,1,2.5
16,YBCH,2012,2,1.5384615384615385
16,YBCH,2014,1,1.6129032258064515
16,YBCH,2015,1,1.0101010101010102
16,YBCH,2016,1,1.2987012987012987
16,YTWA,2016,1,1.2987012987012987
17,AMGO,2010,40,47.05882352941176
17,AMGO,2015,5,8.47457627118644
17,AMGO,2017,3,5.084745762711865
17,AMGO,2021,1,1.5625
17,AMKE,2016,1,2.127659574468085
17,AMKE,2017,1,1.694915254237288
17,BLGR,2014,2,16.666666666666664
17,BLGR,2015,1,1.694915254237288
17,BLGR,2020,1,1.694915254237288
17,BOBO,2015,1,1.694915254237288
17,BRTH,2018,1,1.5384615384615385
17,CARW,2010,1,1.1764705882352942
17,CARW,2016,2,4.25531914893617
17,CARW,2020,1,1.694915254237288
17,CARW,2021,3,4.6875
17,CEDW,2010,4,4.705882352941177
17,CHSP,2016,1,2.127659574468085
17,CONI,2020,1,1.694915254237288
17,COYE,2010,2,2.3529411764705883
17,COYE,2011,3,7.894736842105263
17,COYE,2012,4,19.047619047619047
17,COYE,2013,1,11.11111111111111
17,COYE,2015,6,10.16949152542373
17,COYE,2016,3,6.382978723404255
17,COYE,2017,1,1.694915254237288
17,COYE,2018,11,16.923076923076923
17,COYE,2019,1,2.857142857142857
17,COYE,2020,9,15.254237288135593
17,COYE,2021,2,3.125
17,DOWO,2010,1,1.1764705882352942
17,EABL,2010,10,11.76470588235294
17,EABL,2015,3,5.084745762711865
17,EABL,2017,1,1.694915254237288
17,EAKI,2011,1,2.631578947368421
17,EAME,2013,1,11.11111111111111
17,EAPH,2009,2,13.333333333333334
17,EAPH,2012,1,4.761904761904762
17,EAPH,2013,6,66.66666666666666
17,EAPH,2014,1,8.333333333333332
17,EAPH,2015,2,3.389830508474576
17,EAPH,2018,6,9.230769230769232
17,EAPH,2021,8,12.5
17,EATO,2020,1,1.694915254237288
17,FISP,2010,3,3.5294117647058822
17,FISP,2011,1,2.631578947368421
17,FISP,2012,2,9.523809523809524
17,FISP,2014,2,16.666666666666664
17,FISP,2015,5,8.47457627118644
17,FISP,2016,11,23.404255319148938
17,FISP,2017,1,1.694915254237288
17,FISP,2018,6,9.230769230769232
17,FISP,2019,3,8.571428571428571
17,FISP,2020,16,27.11864406779661
17,FISP,2021,1,1.5625
17,HOFI,2016,1,2.127659574468085
17,HOWR,2016,1,2.127659574468085
17,INBU,2009,2,13.333333333333334
17,INBU,2011,2,5.263157894736842
17,INBU,2015,9,15.254237288135593
17,INBU,2016,1,2.127659574468085
17,INBU,2017,1,1.694915254237288
17,INBU,2018,5,7.6923076923076925
17,INBU,2020,1,1.694915254237288
17,INBU,2021,3,4.6875
17,LISP,2017,1,1.694915254237288
17,LISP,2021,2,3.125
17,MAWR,2018,1,1.5384615384615385
17,MAWR,2020,1,1.694915254237288
17,MYWA,2010,1,1.1764705882352942
17,NOCA,2010,1,1.1764705882352942
17,NOCA,2011,1,2.631578947368421
17,NOCA,2021,1,1.5625
17,NOMO,2010,2,2.3529411764705883
17,NOMO,2012,1,4.761904761904762
17,NOMO,2014,1,8.333333333333332
17,NOMO,2018,1,1.5384615384615385
17,NOMO,2021,1,1.5625
17,NOWA,2012,1,4.761904761904762
17,OCWA,2010,1,1.1764705882352942
17,OROR,2021,4,6.25
17,PAWA,2009,3,20
17,PAWA,2010,1,1.1764705882352942
17,PAWA,2011,12,31.57894736842105
17,PAWA,2012,2,9.523809523809524
17,PAWA,2014,1,8.333333333333332
17,PAWA,2015,4,6.779661016949152
17,PAWA,2016,3,6.382978723404255
17,PAWA,2017,10,16.94915254237288
17,PAWA,2018,5,7.6923076923076925
17,PAWA,2020,2,3.389830508474576
17,PAWA,2021,3,4.6875
17,RCKI,2010,1,1.1764705882352942
17,RWBL,2009,3,20
17,RWBL,2010,6,7.0588235294117645
17,RWBL,2011,4,10.526315789473683
17,RWBL,2021,1,1.5625
17,SAVS,2010,2,2.3529411764705883
17,SAVS,2014,3,25
17,SAVS,2016,6,12.76595744680851
17,SAVS,2017,7,11.864406779661017
17,SAVS,2018,3,4.615384615384616
17,SAVS,2019,4,11.428571428571429
17,SAVS,2021,1,1.5625
17,SOSP,2009,1,6.666666666666667
17,SOSP,2010,1,1.1764705882352942
17,SOSP,2011,6,15.789473684210526
17,SOSP,2012,7,33.33333333333333
17,SOSP,2013,1,11.11111111111111
17,SOSP,2015,12,20.33898305084746
17,SOSP,2016,4,8.51063829787234
17,SOSP,2017,9,15.254237288135593
17,SOSP,2018,5,7.6923076923076925
17,SOSP,2019,7,20
17,SOSP,2020,6,10.16949152542373
17,SOSP,2021,8,12.5
17,SWSP,2009,3,20
17,SWSP,2010,8,9.411764705882353
17,SWSP,2011,6,15.789473684210526
17,SWSP,2012,1,4.761904761904762
17,SWSP,2015,11,18.64406779661017
17,SWSP,2016,12,25.53191489361702
17,SWSP,2017,24,40.67796610169492
17,SWSP,2018,21,32.30769230769231
17,SWSP,2019,19,54.285714285714285
17,SWSP,2020,18,30.508474576271187
17,SWSP,2021,21,32.8125
17,TRFL/WIFL,2019,1,2.857142857142857
17,TRFL/WIFL,2021,1,1.5625
17,VESP,2014,2,16.666666666666664
17,WTSP,2009,1,6.666666666666667
17,WTSP,2012,2,9.523809523809524
17,YBCH,2011,2,5.263157894736842
17,YBCH,2016,1,2.127659574468085
17,YBCH,2020,2,3.389830508474576
17,YBCH,2021,3,4.6875
18,AMGO,2010,2,3.7037037037037033
18,AMGO,2020,1,1.8518518518518516
18,AMKE,2009,1,3.7037037037037033
18,AMRE,2012,1,1.3513513513513513
18,AMRO,2021,1,1.8867924528301887
18,BAWW,2016,1,1.098901098901099
18,BGGN,2009,1,3.7037037037037033
18,BGGN,2010,1,1.8518518518518516
18,BGGN,2011,3,2.912621359223301
18,BGGN,2012,1,1.3513513513513513
18,BGGN,2013,5,7.8125
18,BGGN,2014,1,1.2658227848101267
18,BGGN,2015,1,1.1494252873563218
18,BGGN,2016,1,1.098901098901099
18,BGGN,2017,2,2.4691358024691357
18,BGGN,2020,1,1.8518518518518516
18,BHCO,2017,1,1.2345679012345678
18,BHVI,2016,1,1.098901098901099
18,BLGR,2009,2,7.4074074074074066
18,BLGR,2010,4,7.4074074074074066
18,BLGR,2011,5,4.854368932038835
18,BLGR,2012,3,4.054054054054054
18,BLGR,2013,1,1.5625
18,BLGR,2014,1,1.2658227848101267
18,BLGR,2015,3,3.4482758620689653
18,BLGR,2016,1,1.098901098901099
18,BLGR,2017,3,3.7037037037037033
18,BLGR,2018,1,1.7241379310344827
18,BLGR,2019,2,3.8461538461538463
18,BRTH,2011,2,1.9417475728155338
18,BRTH,2012,1,1.3513513513513513
18,BRTH,2016,1,1.098901098901099
18,BRTH,2020,1,1.8518518518518516
18,CACH,2010,4,7.4074074074074066
18,CACH,2011,2,1.9417475728155338
18,CACH,2013,4,6.25
18,CACH,2014,4,5.063291139240507
18,CACH,2015,3,3.4482758620689653
18,CACH,2016,3,3.296703296703297
18,CACH,2019,1,1.9230769230769231
18,CACH,2021,2,3.7735849056603774
18,CARW,2009,1,3.7037037037037033
18,CARW,2010,3,5.555555555555555
18,CARW,2011,5,4.854368932038835
18,CARW,2012,7,9.45945945945946
18,CARW,2013,4,6.25
18,CARW,2014,8,10.126582278481013
18,CARW,2015,4,4.597701149425287
18,CARW,2016,4,4.395604395604396
18,CARW,2017,1,1.2345679012345678
18,CARW,2018,2,3.4482758620689653
18,CARW,2020,5,9.25925925925926
18,CARW,2021,1,1.8867924528301887
18,CEDW,2016,1,1.098901098901099
18,CHSP,2017,1,1.2345679012345678
18,CHSP,2020,2,3.7037037037037033
18,COYE,2009,4,14.814814814814813
18,COYE,2010,2,3.7037037037037033
18,COYE,2011,14,13.592233009708737
18,COYE,2012,8,10.81081081081081
18,COYE,2013,7,10.9375
18,COYE,2014,12,15.18987341772152
18,COYE,2015,9,10.344827586206897
18,COYE,2016,2,2.197802197802198
18,COYE,2017,2,2.4691358024691357
18,COYE,2018,6,10.344827586206897
18,COYE,2019,2,3.8461538461538463
18,COYE,2020,8,14.814814814814813
18,COYE,2021,2,3.7735849056603774
18,DOWO,2011,1,0.9708737864077669
18,EABL,2010,4,7.4074074074074066
18,EABL,2012,1,1.3513513513513513
18,EABL,2015,2,2.2988505747126435
18,EABL,2016,2,2.197802197802198
18,EABL,2017,5,6.172839506172839
18,EABL,2018,8,13.793103448275861
18,EABL,2019,8,15.384615384615385
18,EABL,2020,1,1.8518518518518516
18,EABL,2021,1,1.8867924528301887
18,EAKI,2020,1,1.8518518518518516
18,EAME,2014,2,2.5316455696202533
18,EAPH,2009,9,33.33333333333333
18,EAPH,2010,8,14.814814814814813
18,EAPH,2011,1,0.9708737864077669
18,EAPH,2012,7,9.45945945945946
18,EAPH,2013,5,7.8125
18,EAPH,2014,2,2.5316455696202533
18,EAPH,2015,7,8.045977011494253
18,EAPH,2016,18,19.78021978021978
18,EAPH,2017,22,27.160493827160494
18,EAPH,2018,5,8.620689655172415
18,EAPH,2019,5,9.615384615384617
18,EAPH,2020,3,5.555555555555555
18,EAPH,2021,7,13.20754716981132
18,EATO,2012,1,1.3513513513513513
18,EATO,2015,3,3.4482758620689653
18,EATO,2016,1,1.098901098901099
18,EATO,2019,2,3.8461538461538463
18,EAWP,2018,1,1.7241379310344827
18,FISP,2010,2,3.7037037037037033
18,FISP,2011,3,2.912621359223301
18,FISP,2012,1,1.3513513513513513
18,FISP,2013,1,1.5625
18,FISP,2014,5,6.329113924050633
18,FISP,2015,14,16.091954022988507
18,FISP,2016,19,20.87912087912088
18,FISP,2017,14,17.28395061728395
18,FISP,2018,8,13.793103448275861
18,FISP,2019,9,17.307692307692307
18,FISP,2020,7,12.962962962962962
18,FISP,2021,2,3.7735849056603774
18,FOSP,2014,1,1.2658227848101267
18,HETH,2019,1,1.9230769230769231
18,HOFI,2016,1,1.098901098901099
18,HOWA,2010,1,1.8518518518518516
18,HOWA,2014,1,1.2658227848101267
18,HOWR,2012,3,4.054054054054054
18,HOWR,2013,1,1.5625
18,HOWR,2014,2,2.5316455696202533
18,HOWR,2016,1,1.098901098901099
18,HOWR,2021,1,1.8867924528301887
18,INBU,2009,1,3.7037037037037033
18,INBU,2010,4,7.4074074074074066
18,INBU,2011,10,9.70873786407767
18,INBU,2012,1,1.3513513513513513
18,INBU,2013,3,4.6875
18,INBU,2014,8,10.126582278481013
18,INBU,2015,7,8.045977011494253
18,INBU,2016,4,4.395604395604396
18,INBU,2017,2,2.4691358024691357
18,INBU,2018,5,8.620689655172415
18,INBU,2019,4,7.6923076923076925
18,INBU,2020,4,7.4074074074074066
18,INBU,2021,4,7.547169811320755
18,MODO,2018,1,1.7241379310344827
18,MYWA,2010,1,1.8518518518518516
18,MYWA,2015,1,1.1494252873563218
18,NOCA,2009,2,7.4074074074074066
18,NOCA,2010,1,1.8518518518518516
18,NOCA,2011,5,4.854368932038835
18,NOCA,2012,1,1.3513513513513513
18,NOCA,2013,2,3.125
18,NOCA,2014,4,5.063291139240507
18,NOCA,2015,4,4.597701149425287
18,NOCA,2016,1,1.098901098901099
18,NOCA,2017,1,1.2345679012345678
18,NOCA,2019,1,1.9230769230769231
18,NOCA,2020,1,1.8518518518518516
18,NOCA,2021,1,1.8867924528301887
18,NOMO,2009,2,7.4074074074074066
18,NOMO,2010,3,5.555555555555555
18,NOMO,2011,8,7.766990291262135
18,NOMO,2012,20,27.027027027027028
18,NOMO,2013,3,4.6875
18,NOMO,2014,3,3.79746835443038
18,NOMO,2015,8,9.195402298850574
18,NOMO,2016,4,4.395604395604396
18,NOMO,2017,3,3.7037037037037033
18,NOMO,2018,1,1.7241379310344827
18,NOMO,2019,3,5.769230769230769
18,NOMO,2020,1,1.8518518518518516
18,NOWA,2011,1,0.9708737864077669
18,NOWA,2017,1,1.2345679012345678
18,NOWA,2020,1,1.8518518518518516
18,NRWS,2021,1,1.8867924528301887
18,OROR,2011,1,0.9708737864077669
18,OROR,2012,2,2.7027027027027026
18,OROR,2017,1,1.2345679012345678
18,PAWA,2010,1,1.8518518518518516
18,PAWA,2011,13,12.62135922330097
18,PAWA,2013,3,4.6875
18,PAWA,2014,12,15.18987341772152
18,PAWA,2017,13,16.049382716049383
18,PAWA,2018,7,12.068965517241379
18,PAWA,2019,2,3.8461538461538463
18,PAWA,2020,3,5.555555555555555
18,PAWA,2021,16,30.18867924528302
18,PRAW,2015,1,1.1494252873563218
18,RCKI,2009,1,3.7037037037037033
18,RCKI,2010,1,1.8518518518518516
18,RCKI,2012,1,1.3513513513513513
18,RCKI,2014,1,1.2658227848101267
18,RCKI,2016,1,1.098901098901099
18,RCKI,2018,1,1.7241379310344827
18,RCKI,2019,1,1.9230769230769231
18,RSHA,2019,1,1.9230769230769231
18,RWBL,2009,1,3.7037037037037033
18,SAVS,2011,1,0.9708737864077669
18,SAVS,2014,1,1.2658227848101267
18,SAVS,2016,1,1.098901098901099
18,SAVS,2017,1,1.2345679012345678
18,SAVS,2018,1,1.7241379310344827
18,SOSP,2009,1,3.7037037037037033
18,SOSP,2010,4,7.4074074074074066
18,SOSP,2011,9,8.737864077669903
18,SOSP,2012,3,4.054054054054054
18,SOSP,2013,13,20.3125
18,SOSP,2014,4,5.063291139240507
18,SOSP,2015,5,5.747126436781609
18,SOSP,2016,12,13.186813186813188
18,SOSP,2017,6,7.4074074074074066
18,SOSP,2018,8,13.793103448275861
18,SOSP,2019,9,17.307692307692307
18,SOSP,2020,8,14.814814814814813
18,SOSP,2021,8,15.09433962264151
18,SWSP,2009,1,3.7037037037037033
18,SWSP,2010,8,14.814814814814813
18,SWSP,2011,4,3.8834951456310676
18,SWSP,2012,4,5.405405405405405
18,SWSP,2013,8,12.5
18,SWSP,2014,2,2.5316455696202533
18,SWSP,2015,5,5.747126436781609
18,SWSP,2016,5,5.4945054945054945
18,SWSP,2017,2,2.4691358024691357
18,SWSP,2018,3,5.172413793103448
18,SWSP,2019,1,1.9230769230769231
18,SWSP,2020,5,9.25925925925926
18,SWSP,2021,5,9.433962264150944
18,TRFL/WIFL,2011,3,2.912621359223301
18,TRFL/WIFL,2014,1,1.2658227848101267
18,TUTI,2011,5,4.854368932038835
18,TUTI,2013,3,4.6875
18,TUTI,2014,1,1.2658227848101267
18,TUTI,2015,1,1.1494252873563218
18,TUTI,2016,1,1.098901098901099
18,WEVI,2014,1,1.2658227848101267
18,WEVI,2015,1,1.1494252873563218
18,WEVI,2020,1,1.8518518518518516
18,WIWR,2016,1,1.098901098901099
18,WOTH,2011,1,0.9708737864077669
18,WTSP,2011,2,1.9417475728155338
18,WTSP,2012,4,5.405405405405405
18,WTSP,2014,1,1.2658227848101267
18,WTSP,2016,3,3.296703296703297
18,WTSP,2021,1,1.8867924528301887
18,YBCH,2011,4,3.8834951456310676
18,YBCH,2012,4,5.405405405405405
18,YBCH,2013,1,1.5625
18,YBCH,2014,1,1.2658227848101267
18,YBCH,2015,8,9.195402298850574
18,YBCH,2016,1,1.098901098901099
19,AMGO,2015,1,1.2658227848101267
19,AMGO,2018,4,8
19,AMKE,2021,1,1.9607843137254901
19,AMRO,2013,1,3.0303030303030303
19,AMRO,2014,7,11.864406779661017
19,AMRO,2019,4,5.970149253731343
19,AMRO,2020,4,7.8431372549019605
19,BLGR,2011,2,9.090909090909092
19,BLGR,2012,3,10.714285714285714
19,BLGR,2014,1,1.694915254237288
19,BLGR,2015,2,2.5316455696202533
19,BLGR,2016,1,2
19,BLGR,2017,1,4.3478260869565215
19,BLGR,2018,1,2
19,BLGR,2020,1,1.9607843137254901
19,BLGR,2021,1,1.9607843137254901
19,BRTH,2021,1,1.9607843137254901
19,CACH,2014,1,1.694915254237288
19,CACH,2016,1,2
19,CARW,2010,1,3.8461538461538463
19,CARW,2014,1,1.694915254237288
19,CARW,2015,5,6.329113924050633
19,CARW,2016,3,6
19,CARW,2017,1,4.3478260869565215
19,CARW,2019,4,5.970149253731343
19,CARW,2020,1,1.9607843137254901
19,CARW,2021,2,3.9215686274509802
19,CEDW,2020,1,1.9607843137254901
19,CHSP,2014,4,6.779661016949152
19,COYE,2011,1,4.545454545454546
19,COYE,2012,1,3.571428571428571
19,COYE,2013,2,6.0606060606060606
19,COYE,2014,4,6.779661016949152
19,COYE,2015,4,5.063291139240507
19,COYE,2016,3,6
19,COYE,2018,5,10
19,COYE,2019,2,2.9850746268656714
19,COYE,2020,11,21.568627450980394
19,COYE,2021,10,19.607843137254903
19,DOWO,2019,1,1.4925373134328357
19,DOWO,2021,1,1.9607843137254901
19,EABL,2010,3,11.538461538461538
19,EABL,2011,2,9.090909090909092
19,EABL,2014,1,1.694915254237288
19,EABL,2015,2,2.5316455696202533
19,EABL,2016,1,2
19,EABL,2017,1,4.3478260869565215
19,EABL,2019,5,7.462686567164178
19,EABL,2020,2,3.9215686274509802
19,EABL,2021,3,5.88235294117647
19,EAPH,2009,1,25
19,EAPH,2010,3,11.538461538461538
19,EAPH,2012,7,25
19,EAPH,2013,7,21.21212121212121
19,EAPH,2014,10,16.94915254237288
19,EAPH,2015,3,3.79746835443038
19,EAPH,2016,5,10
19,EAPH,2017,1,4.3478260869565215
19,EAPH,2018,1,2
19,EAPH,2019,5,7.462686567164178
19,EAPH,2021,4,7.8431372549019605
19,EATO,2020,4,7.8431372549019605
19,EATO,2021,1,1.9607843137254901
19,FISP,2010,5,19.230769230769234
19,FISP,2011,1,4.545454545454546
19,FISP,2012,2,7.142857142857142
19,FISP,2013,1,3.0303030303030303
19,FISP,2014,5,8.47457627118644
19,FISP,2015,10,12.658227848101266
19,FISP,2016,12,24
19,FISP,2017,3,13.043478260869565
19,FISP,2018,5,10
19,FISP,2019,11,16.417910447761194
19,FISP,2020,7,13.725490196078432
19,FISP,2021,4,7.8431372549019605
19,HOWR,2016,1,2
19,HOWR,2019,2,2.9850746268656714
19,HOWR,2020,2,3.9215686274509802
19,INBU,2010,3,11.538461538461538
19,INBU,2011,3,13.636363636363635
19,INBU,2012,4,14.285714285714285
19,INBU,2013,2,6.0606060606060606
19,INBU,2014,4,6.779661016949152
19,INBU,2015,19,24.050632911392405
19,INBU,2016,7,14.000000000000002
19,INBU,2017,5,21.73913043478261
19,INBU,2018,3,6
19,INBU,2019,10,14.925373134328357
19,INBU,2020,2,3.9215686274509802
19,INBU,2021,3,5.88235294117647
19,LISP,2016,1,2
19,MAWA,2012,1,3.571428571428571
19,MYWA,2011,1,4.545454545454546
19,MYWA,2015,1,1.2658227848101267
19,NOCA,2014,1,1.694915254237288
19,NOCA,2017,1,4.3478260869565215
19,NOCA,2021,1,1.9607843137254901
19,NOMO,2010,1,3.8461538461538463
19,NOMO,2011,1,4.545454545454546
19,NOMO,2019,1,1.4925373134328357
19,PAWA,2010,5,19.230769230769234
19,PAWA,2011,3,13.636363636363635
19,PAWA,2012,5,17.857142857142858
19,PAWA,2013,10,30.303030303030305
19,PAWA,2014,8,13.559322033898304
19,PAWA,2015,5,6.329113924050633
19,PAWA,2016,2,4
19,PAWA,2017,1,4.3478260869565215
19,PAWA,2018,1,2
19,PAWA,2019,1,1.4925373134328357
19,PAWA,2021,3,5.88235294117647
19,PIWA,2021,1,1.9607843137254901
19,RCKI,2019,2,2.9850746268656714
19,RCKI,2020,1,1.9607843137254901
19,RWBL,2014,1,1.694915254237288
19,SAVS,2014,2,3.389830508474576
19,SAVS,2015,1,1.2658227848101267
19,SAVS,2019,1,1.4925373134328357
19,SOSP,2009,3,75
19,SOSP,2010,3,11.538461538461538
19,SOSP,2011,3,13.636363636363635
19,SOSP,2012,2,7.142857142857142
19,SOSP,2013,4,12.121212121212121
19,SOSP,2014,6,10.16949152542373
19,SOSP,2015,18,22.78481012658228
19,SOSP,2016,6,12
19,SOSP,2017,4,17.391304347826086
19,SOSP,2018,13,26
19,SOSP,2019,12,17.91044776119403
19,SOSP,2020,5,9.803921568627452
19,SOSP,2021,7,13.725490196078432
19,SWSP,2010,2,7.6923076923076925
19,SWSP,2011,5,22.727272727272727
19,SWSP,2012,2,7.142857142857142
19,SWSP,2013,6,18.181818181818183
19,SWSP,2014,3,5.084745762711865
19,SWSP,2015,7,8.860759493670885
19,SWSP,2016,6,12
19,SWSP,2017,5,21.73913043478261
19,SWSP,2018,15,30
19,SWSP,2019,5,7.462686567164178
19,SWSP,2020,9,17.647058823529413
19,SWSP,2021,4,7.8431372549019605
19,TRFL/WIFL,2020,1,1.9607843137254901
19,TUTI,2012,1,3.571428571428571
19,VESP,2016,1,2
19,VESP,2019,1,1.4925373134328357
19,WTSP,2015,1,1.2658227848101267
19,WTSP,2018,1,2
19,WTSP,2021,1,1.9607843137254901
19,YBCH,2018,1,2
19,YBCH,2021,3,5.88235294117647
20,ACFL,2015,1,0.8695652173913043
20,AMGO,2010,1,4.3478260869565215
20,AMGO,2012,1,4.3478260869565215
20,AMGO,2014,1,2.127659574468085
20,AMGO,2015,21,18.26086956521739
20,AMGO,2018,2,4.081632653061225
20,AMRO,2016,1,2.0408163265306123
20,AMRO,2018,5,10.204081632653061
20,BGGN,2016,1,2.0408163265306123
20,BGGN,2018,1,2.0408163265306123
20,BHCO,2019,2,2.5316455696202533
20,BLGR,2011,1,3.125
20,BLGR,2014,3,6.382978723404255
20,BLGR,2017,1,3.4482758620689653
20,BLGR,2019,3,3.79746835443038
20,CARW,2013,1,4.3478260869565215
20,CARW,2015,2,1.7391304347826086
20,CARW,2018,1,2.0408163265306123
20,CARW,2019,1,1.2658227848101267
20,CHSP,2015,3,2.608695652173913
20,CHSP,2016,4,8.16326530612245
20,COYE,2010,3,13.043478260869565
20,COYE,2011,2,6.25
20,COYE,2012,1,4.3478260869565215
20,COYE,2013,4,17.391304347826086
20,COYE,2014,5,10.638297872340425
20,COYE,2015,10,8.695652173913043
20,COYE,2016,3,6.122448979591836
20,COYE,2017,1,3.4482758620689653
20,COYE,2018,1,2.0408163265306123
20,COYE,2019,8,10.126582278481013
20,COYE,2020,8,16
20,COYE,2021,6,18.75
20,DICK,2021,1,3.125
20,DOWO,2016,1,2.0408163265306123
20,EABL,2010,1,4.3478260869565215
20,EABL,2014,1,2.127659574468085
20,EABL,2015,1,0.8695652173913043
20,EABL,2016,5,10.204081632653061
20,EABL,2017,3,10.344827586206897
20,EABL,2019,2,2.5316455696202533
20,EAKI,2012,1,4.3478260869565215
20,EAKI,2017,1,3.4482758620689653
20,EAPH,2009,4,33.33333333333333
20,EAPH,2010,1,4.3478260869565215
20,EAPH,2011,1,3.125
20,EAPH,2012,2,8.695652173913043
20,EAPH,2016,6,12.244897959183673
20,EAPH,2017,5,17.24137931034483
20,EAPH,2018,5,10.204081632653061
20,EAPH,2019,2,2.5316455696202533
20,EAPH,2021,2,6.25
20,EAWP,2009,1,8.333333333333332
20,EAWP,2015,1,0.8695652173913043
20,EAWP,2018,1,2.0408163265306123
20,FISP,2011,2,6.25
20,FISP,2012,3,13.043478260869565
20,FISP,2014,5,10.638297872340425
20,FISP,2015,8,6.956521739130435
20,FISP,2016,6,12.244897959183673
20,FISP,2017,3,10.344827586206897
20,FISP,2018,4,8.16326530612245
20,FISP,2019,15,18.9873417721519
20,FISP,2020,8,16
20,FISP,2021,3,9.375
20,HOFI,2016,1,2.0408163265306123
20,INBU,2009,3,25
20,INBU,2011,5,15.625
20,INBU,2012,1,4.3478260869565215
20,INBU,2013,1,4.3478260869565215
20,INBU,2014,1,2.127659574468085
20,INBU,2015,9,7.82608695652174
20,INBU,2016,6,12.244897959183673
20,INBU,2017,7,24.137931034482758
20,INBU,2018,16,32.6530612244898
20,INBU,2019,8,10.126582278481013
20,INBU,2020,1,2
20,INBU,2021,4,12.5
20,MAWR,2018,1,2.0408163265306123
20,MYWA,2010,1,4.3478260869565215
20,NOMO,2017,1,3.4482758620689653
20,NOWA,2019,1,1.2658227848101267
20,OROR,2009,2,16.666666666666664
20,OROR,2012,1,4.3478260869565215
20,OROR,2015,1,0.8695652173913043
20,OROR,2020,1,2
20,PAWA,2010,3,13.043478260869565
20,PAWA,2011,3,9.375
20,PAWA,2012,4,17.391304347826086
20,PAWA,2014,4,8.51063829787234
20,PAWA,2015,5,4.3478260869565215
20,PAWA,2016,8,16.3265306122449
20,PAWA,2017,1,3.4482758620689653
20,PAWA,2018,5,10.204081632653061
20,PAWA,2019,3,3.79746835443038
20,PAWA,2021,2,6.25
20,PIWA,2015,1,0.8695652173913043
20,PIWA,2016,1,2.0408163265306123
20,RCKI,2018,1,2.0408163265306123
20,RWBL,2011,4,12.5
20,RWBL,2017,4,13.793103448275861
20,SAVS,2011,1,3.125
20,SAVS,2012,1,4.3478260869565215
20,SAVS,2014,9,19.148936170212767
20,SAVS,2015,1,0.8695652173913043
20,SAVS,2018,1,2.0408163265306123
20,SAVS,2019,5,6.329113924050633
20,SAVS,2020,4,8
20,SOSP,2009,2,16.666666666666664
20,SOSP,2010,3,13.043478260869565
20,SOSP,2012,2,8.695652173913043
20,SOSP,2013,3,13.043478260869565
20,SOSP,2014,9,19.148936170212767
20,SOSP,2015,31,26.956521739130434
20,SOSP,2016,2,4.081632653061225
20,SOSP,2017,2,6.896551724137931
20,SOSP,2018,3,6.122448979591836
20,SOSP,2019,19,24.050632911392405
20,SOSP,2020,11,22
20,SOSP,2021,7,21.875
20,SWSP,2010,10,43.47826086956522
20,SWSP,2011,13,40.625
20,SWSP,2012,6,26.08695652173913
20,SWSP,2013,13,56.52173913043478
20,SWSP,2014,9,19.148936170212767
20,SWSP,2015,19,16.52173913043478
20,SWSP,2016,3,6.122448979591836
20,SWSP,2018,2,4.081632653061225
20,SWSP,2019,10,12.658227848101266
20,SWSP,2020,15,30
20,SWSP,2021,7,21.875
20,VESP,2020,1,2
20,YBCH,2013,1,4.3478260869565215
20,YBCH,2016,1,2.0408163265306123
20,YEWA,2015,1,0.8695652173913043
20,YEWA,2020,1,2
21,BLGR,2020,1,4.166666666666666
21,BLGR,2021,3,5.454545454545454
21,COYE,2020,9,37.5
21,COYE,2021,7,12.727272727272727
21,EAPH,2021,2,3.6363636363636362
21,EATO,2021,1,1.8181818181818181
21,FISP,2020,5,20.833333333333336
21,FISP,2021,4,7.2727272727272725
21,HOWR,2020,1,4.166666666666666
21,HOWR,2021,2,3.6363636363636362
21,INBU,2021,1,1.8181818181818181
21,LISP,2020,1,4.166666666666666
21,MAWR,2021,1,1.8181818181818181
21,NOMO,2021,3,5.454545454545454
21,NRWS,2021,3,5.454545454545454
21,OROR,2021,2,3.6363636363636362
21,PAWA,2020,3,12.5
21,PAWA,2021,4,7.2727272727272725
21,SAVS,2021,2,3.6363636363636362
21,SOSP,2020,2,8.333333333333332
21,SOSP,2021,16,29.09090909090909
21,SWSP,2020,2,8.333333333333332
21,SWSP,2021,4,7.2727272727272725
1719,SOSP,2013,1,100
NA,BLGR,2009,2,22.22222222222222
NA,BLGR,2013,2,16.666666666666664
NA,BLGR,2016,1,20
NA,BLGR,2020,1,1.6666666666666667
NA,BRTH,2007,1,1.0309278350515463
NA,CACH,2007,1,1.0309278350515463
NA,CACH,2009,1,11.11111111111111
NA,CARW,2007,1,1.0309278350515463
NA,CARW,2014,1,9.090909090909092
NA,CARW,2021,1,9.090909090909092
NA,CHSP,2015,1,14.285714285714285
NA,COYE,2007,3,3.0927835051546393
NA,COYE,2008,1,14.285714285714285
NA,COYE,2009,1,11.11111111111111
NA,COYE,2013,1,8.333333333333332
NA,COYE,2015,1,14.285714285714285
NA,COYE,2016,1,20
NA,COYE,2017,1,16.666666666666664
NA,COYE,2018,1,8.333333333333332
NA,COYE,2020,2,3.3333333333333335
NA,COYE,2021,2,18.181818181818183
NA,EABL,2007,14,14.432989690721648
NA,EABL,2015,1,14.285714285714285
NA,EAPH,2007,3,3.0927835051546393
NA,EAPH,2013,2,16.666666666666664
NA,EAPH,2016,1,20
NA,EAPH,2020,3,5
NA,EATO,2013,2,16.666666666666664
NA,EATO,2021,2,18.181818181818183
NA,FISP,2007,13,13.402061855670103
NA,FISP,2008,1,14.285714285714285
NA,FISP,2009,1,11.11111111111111
NA,FISP,2016,1,20
NA,FISP,2018,1,8.333333333333332
NA,FISP,2021,1,9.090909090909092
NA,GRSP,2018,1,8.333333333333332
NA,HOWR,2009,1,11.11111111111111
NA,HOWR,2020,1,1.6666666666666667
NA,INBU,2007,1,1.0309278350515463
NA,INBU,2011,2,33.33333333333333
NA,INBU,2014,3,27.27272727272727
NA,INBU,2016,1,20
NA,INBU,2020,13,21.666666666666668
NA,NOCA,2007,2,2.0618556701030926
NA,NOCA,2009,2,22.22222222222222
NA,NOCA,2015,1,14.285714285714285
NA,NOCA,2017,1,16.666666666666664
NA,NOCA,2018,2,16.666666666666664
NA,NOCA,2019,1,25
NA,NOCA,2020,2,3.3333333333333335
NA,NOMO,2007,1,1.0309278350515463
NA,NOMO,2008,1,14.285714285714285
NA,NOMO,2014,3,27.27272727272727
NA,NOMO,2019,1,25
NA,OROR,2013,1,8.333333333333332
NA,OROR,2020,9,15
NA,OROR,2021,1,9.090909090909092
NA,PAWA,2007,15,15.463917525773196
NA,PAWA,2008,1,14.285714285714285
NA,PAWA,2014,2,18.181818181818183
NA,PAWA,2017,3,50
NA,PAWA,2021,1,9.090909090909092
NA,RCKI,2007,1,1.0309278350515463
NA,RCKI,2011,1,16.666666666666664
NA,RCKI,2017,1,16.666666666666664
NA,RWBL,2007,2,2.0618556701030926
NA,SAVS,2007,2,2.0618556701030926
NA,SAVS,2018,1,8.333333333333332
NA,SCJU,2007,1,1.0309278350515463
NA,SOSP,2007,23,23.711340206185564
NA,SOSP,2008,1,14.285714285714285
NA,SOSP,2010,2,50
NA,SOSP,2011,1,16.666666666666664
NA,SOSP,2015,2,28.57142857142857
NA,SOSP,2020,28,46.666666666666664
NA,SOSP,2021,2,18.181818181818183
NA,SWSP,2007,12,12.371134020618557
NA,SWSP,2008,2,28.57142857142857
NA,SWSP,2009,1,11.11111111111111
NA,SWSP,2010,2,50
NA,SWSP,2011,2,33.33333333333333
NA,SWSP,2013,4,33.33333333333333
NA,SWSP,2014,1,9.090909090909092
NA,SWSP,2018,6,50
NA,SWSP,2019,2,50
NA,SWSP,2020,1,1.6666666666666667
NA,SWSP,2021,1,9.090909090909092
NA,WTSP,2012,1,100
NA,YBCH,2007,1,1.0309278350515463
NA,YBCH,2014,1,9.090909090909092
NA,YBCH,2015,1,14.285714285714285
